freq,crops,unit,geo\TIME_PERIOD	2005 	2007 	2010 	2013 	2016 
A,UAAIB,PC_UAA,AT	3.7 	3.6 	3.2 	4.4 	3.7 
A,UAAIB,PC_UAA,AT11	15.9 	13.2 	12.2 	14.6 	12.5 
A,UAAIB,PC_UAA,AT12	8.0 	8.6 	6.7 	8.9 	7.2 
A,UAAIB,PC_UAA,AT13	30.9 	22.2 	26.9 	27.6 	34.3 
A,UAAIB,PC_UAA,AT21	0.5 	0.4 	0.3 	0.6 	0.6 
A,UAAIB,PC_UAA,AT22	0.7 	0.8 	0.5 	1.0 	0.9 
A,UAAIB,PC_UAA,AT31	0.5 	0.4 	0.3 	0.4 	0.5 
A,UAAIB,PC_UAA,AT32	0.1 	0.1 	0.1 	0.1 	0.2 
A,UAAIB,PC_UAA,AT33	0.9 	0.7 	0.7 	1.1 	1.2 
A,UAAIB,PC_UAA,AT34	0.2 	0.1 	0.1 	0.1 	0.7 
A,UAAIB,PC_UAA,BE	1.6 	1.7 	1.0 	1.5 	1.8 
A,UAAIB,PC_UAA,BE10	0.0 	0.0 	0.0 	0.0 	0.0 
A,UAAIB,PC_UAA,BE21	4.2 	4.1 	2.0 	3.0 	4.5 
A,UAAIB,PC_UAA,BE22	4.8 	6.0 	3.6 	4.0 	4.7 
A,UAAIB,PC_UAA,BE23	0.9 	0.8 	0.6 	0.7 	0.7 
A,UAAIB,PC_UAA,BE24	0.6 	0.8 	0.3 	0.8 	0.9 
A,UAAIB,PC_UAA,BE25	4.5 	4.8 	2.6 	3.7 	5.1 
A,UAAIB,PC_UAA,BE31	: c	0.2 	0.2 	0.8 	1.0 
A,UAAIB,PC_UAA,BE32	0.3 	0.3 	0.3 	0.4 	0.3 
A,UAAIB,PC_UAA,BE33	0.6 	0.7 	0.7 	1.2 	1.3 
A,UAAIB,PC_UAA,BE34	0.0 	0.0 	: c	: c	: c
A,UAAIB,PC_UAA,BE35	0.4 	0.4 	0.3 	0.6 	0.3 
A,UAAIB,PC_UAA,BG	4.1 	3.4 	3.1 	2.5 	3.0 
A,UAAIB,PC_UAA,BG31	0.7 	1.2 	0.8 	1.0 	1.1 
A,UAAIB,PC_UAA,BG32	0.4 	0.5 	0.5 	0.7 	0.8 
A,UAAIB,PC_UAA,BG33	0.9 	1.0 	0.8 	0.9 	1.0 
A,UAAIB,PC_UAA,BG34	4.7 	3.5 	3.5 	2.8 	3.5 
A,UAAIB,PC_UAA,BG41	10.4 	6.6 	3.1 	3.7 	3.9 
A,UAAIB,PC_UAA,BG42	19.9 	15.1 	11.9 	7.0 	9.7 
A,UAAIB,PC_UAA,CH	0.0 	0.0 	: 	: 	: 
A,UAAIB,PC_UAA,CH01	0.0 	0.0 	: 	: 	: 
A,UAAIB,PC_UAA,CH02	0.0 	0.0 	: 	: 	: 
A,UAAIB,PC_UAA,CH03	0.0 	0.0 	: 	: 	: 
A,UAAIB,PC_UAA,CH04	0.0 	0.0 	: 	: 	: 
A,UAAIB,PC_UAA,CH05	0.0 	0.0 	: 	: 	: 
A,UAAIB,PC_UAA,CH06	0.0 	0.0 	: 	: 	: 
A,UAAIB,PC_UAA,CH07	0.0 	0.0 	: 	: 	: 
A,UAAIB,PC_UAA,CY	30.3 	31.4 	34.0 	34.8 	34.1 
A,UAAIB,PC_UAA,CY00	30.3 	31.4 	34.0 	34.8 	34.1 
A,UAAIB,PC_UAA,CZ	1.3 	1.1 	0.9 	1.0 	1.3 
A,UAAIB,PC_UAA,CZ01	0.8 	1.6 	: c	: c	1.8 
A,UAAIB,PC_UAA,CZ02	2.2 	1.9 	1.9 	2.1 	2.1 
A,UAAIB,PC_UAA,CZ03	0.1 	0.1 	0.0 	0.1 	0.6 
A,UAAIB,PC_UAA,CZ04	2.7 	1.8 	1.5 	1.7 	2.1 
A,UAAIB,PC_UAA,CZ05	0.6 	0.7 	0.8 	0.7 	0.8 
A,UAAIB,PC_UAA,CZ06	2.8 	2.1 	1.4 	1.5 	2.4 
A,UAAIB,PC_UAA,CZ07	0.3 	0.4 	0.4 	0.4 	0.3 
A,UAAIB,PC_UAA,CZ08	0.1 	0.2 	0.1 	0.0 	0.1 
A,UAAIB,PC_UAA,DE	: 	: 	3.8 	4.1 	4.0 
A,UAAIB,PC_UAA,DE1	: 	: 	1.9 	2.2 	: 
A,UAAIB,PC_UAA,DE11	: 	: 	: 	: 	2.2 
A,UAAIB,PC_UAA,DE12	: 	: 	: 	: 	5.0 
A,UAAIB,PC_UAA,DE13	: 	: 	: 	: 	3.2 
A,UAAIB,PC_UAA,DE14	: 	: 	: 	: 	0.6 
A,UAAIB,PC_UAA,DE2	: 	: 	1.2 	1.8 	: 
A,UAAIB,PC_UAA,DE21	: 	: 	: 	: 	1.5 
A,UAAIB,PC_UAA,DE22	: 	: 	: 	: 	3.0 
A,UAAIB,PC_UAA,DE23	: 	: 	: 	: 	2.8 
A,UAAIB,PC_UAA,DE24	: 	: 	: 	: 	0.3 
A,UAAIB,PC_UAA,DE25	: 	: 	: 	: 	0.9 
A,UAAIB,PC_UAA,DE26	: 	: 	: 	: 	1.5 
A,UAAIB,PC_UAA,DE27	: 	: 	: 	: 	1.1 
A,UAAIB,PC_UAA,DE3	: 	: 	3.7 	5.6 	: 
A,UAAIB,PC_UAA,DE30	: 	: 	: 	: 	3.3 
A,UAAIB,PC_UAA,DE4	: 	: 	2.9 	2.9 	: 
A,UAAIB,PC_UAA,DE40	: 	: 	: 	: 	3.0 
A,UAAIB,PC_UAA,DE5	: 	: 	: c	: c	: 
A,UAAIB,PC_UAA,DE50	: 	: 	: 	: 	0.4 
A,UAAIB,PC_UAA,DE6	: 	: 	10.5 	10.2 	: 
A,UAAIB,PC_UAA,DE60	: 	: 	: 	: 	10.7 
A,UAAIB,PC_UAA,DE7	: 	: 	4.2 	4.3 	: 
A,UAAIB,PC_UAA,DE71	: 	: 	: 	: 	12.6 
A,UAAIB,PC_UAA,DE72	: 	: 	: 	: 	0.3 
A,UAAIB,PC_UAA,DE73	: 	: 	: 	: 	0.2 
A,UAAIB,PC_UAA,DE8	: 	: 	2.3 	2.4 	: 
A,UAAIB,PC_UAA,DE80	: 	: 	: 	: 	2.5 
A,UAAIB,PC_UAA,DE9	: 	: 	12.2 	12.8 	: 
A,UAAIB,PC_UAA,DE91	: 	: 	: 	: 	16.2 
A,UAAIB,PC_UAA,DE92	: 	: 	: 	: 	9.6 
A,UAAIB,PC_UAA,DE93	: 	: 	: 	: 	23.4 
A,UAAIB,PC_UAA,DE94	: 	: 	: 	: 	2.7 
A,UAAIB,PC_UAA,DEA	: 	: 	4.2 	4.6 	: 
A,UAAIB,PC_UAA,DEA1	: 	: 	: 	: 	16.9 
A,UAAIB,PC_UAA,DEA2	: 	: 	: 	: 	3.9 
A,UAAIB,PC_UAA,DEA3	: 	: 	: 	: 	2.4 
A,UAAIB,PC_UAA,DEA4	: 	: 	: 	: 	0.8 
A,UAAIB,PC_UAA,DEA5	: 	: 	: 	: 	0.3 
A,UAAIB,PC_UAA,DEB	: 	: 	4.5 	4.4 	: 
A,UAAIB,PC_UAA,DEB1	: 	: 	: 	: 	0.3 
A,UAAIB,PC_UAA,DEB2	: 	: 	: 	: 	0.1 
A,UAAIB,PC_UAA,DEB3	: 	: 	: 	: 	12.0 
A,UAAIB,PC_UAA,DEC	: 	: 	0.2 	0.4 	: 
A,UAAIB,PC_UAA,DEC0	: 	: 	: 	: 	0.3 
A,UAAIB,PC_UAA,DED	: 	: 	1.3 	1.3 	: 
A,UAAIB,PC_UAA,DED2	: 	: 	: 	: 	1.5 
A,UAAIB,PC_UAA,DED4	: 	: 	: 	: 	0.1 
A,UAAIB,PC_UAA,DED5	: 	: 	: 	: 	3.0 
A,UAAIB,PC_UAA,DEE	: 	: 	2.1 	2.4 	: 
A,UAAIB,PC_UAA,DEE0	: 	: 	: 	: 	2.7 
A,UAAIB,PC_UAA,DEF	: 	: 	2.2 	2.3 	: 
A,UAAIB,PC_UAA,DEF0	: 	: 	: 	: 	2.0 
A,UAAIB,PC_UAA,DEG	: 	: 	0.7 	0.8 	: 
A,UAAIB,PC_UAA,DEG0	: 	: 	: 	: 	0.7 
A,UAAIB,PC_UAA,DK	16.6 	16.4 	18.2 	16.8 	8.3 
A,UAAIB,PC_UAA,DK01	4.7 	4.8 	4.7 	3.8 	1.9 
A,UAAIB,PC_UAA,DK02	3.1 	3.0 	3.4 	3.1 	1.5 
A,UAAIB,PC_UAA,DK03	23.7 	23.6 	26.3 	24.5 	12.1 
A,UAAIB,PC_UAA,DK04	24.2 	23.7 	26.9 	24.6 	13.2 
A,UAAIB,PC_UAA,DK05	7.9 	8.1 	8.0 	7.3 	2.2 
A,UAAIB,PC_UAA,EE	: 	: 	0.0 	0.0 	0.3 
A,UAAIB,PC_UAA,EE00	: 	: 	0.0 	0.0 	0.3 
A,UAAIB,PC_UAA,EL	40.0 	38.2 	25.1 	31.2 	29.7 
A,UAAIB,PC_UAA,EL11	55.2 	56.2 	30.1 	51.1 	: 
A,UAAIB,PC_UAA,EL12	51.1 	51.2 	32.0 	46.3 	: 
A,UAAIB,PC_UAA,EL13	28.4 	22.2 	15.8 	15.4 	: 
A,UAAIB,PC_UAA,EL14	62.9 	61.3 	33.1 	48.2 	: 
A,UAAIB,PC_UAA,EL21	37.0 	32.0 	17.8 	24.1 	: 
A,UAAIB,PC_UAA,EL22	6.7 	4.4 	3.0 	3.6 	: 
A,UAAIB,PC_UAA,EL23	45.4 	39.3 	28.2 	38.8 	: 
A,UAAIB,PC_UAA,EL24	41.0 	35.8 	20.6 	37.9 	: 
A,UAAIB,PC_UAA,EL25	30.8 	29.3 	20.4 	22.1 	: 
A,UAAIB,PC_UAA,EL30	42.2 	26.4 	27.0 	25.3 	15.6 
A,UAAIB,PC_UAA,EL41	4.9 	4.9 	4.0 	5.6 	4.2 
A,UAAIB,PC_UAA,EL42	7.9 	8.1 	7.8 	4.8 	4.1 
A,UAAIB,PC_UAA,EL43	27.6 	28.5 	23.6 	16.2 	16.0 
A,UAAIB,PC_UAA,EL51	: 	: 	: 	: 	45.1 
A,UAAIB,PC_UAA,EL52	: 	: 	: 	: 	47.5 
A,UAAIB,PC_UAA,EL53	: 	: 	: 	: 	18.8 
A,UAAIB,PC_UAA,EL54	: 	: 	: 	: 	19.2 
A,UAAIB,PC_UAA,EL61	: 	: 	: 	: 	45.6 
A,UAAIB,PC_UAA,EL62	: 	: 	: 	: 	2.8 
A,UAAIB,PC_UAA,EL63	: 	: 	: 	: 	34.4 
A,UAAIB,PC_UAA,EL64	: 	: 	: 	: 	32.4 
A,UAAIB,PC_UAA,EL65	: 	: 	: 	: 	23.4 
A,UAAIB,PC_UAA,ES	15.1 	14.7 	15.1 	29.0 	15.7 
A,UAAIB,PC_UAA,ES11	4.6 	8.1 	8.4 	22.6 	4.8 
A,UAAIB,PC_UAA,ES12	2.8 	1.4 	3.5 	12.3 	2.0 
A,UAAIB,PC_UAA,ES13	0.4 	0.3 	1.2 	20.7 	1.2 
A,UAAIB,PC_UAA,ES21	11.8 	9.3 	4.8 	13.3 	6.1 
A,UAAIB,PC_UAA,ES22	11.8 	12.5 	16.0 	25.3 	16.8 
A,UAAIB,PC_UAA,ES23	17.1 	16.3 	19.0 	37.6 	18.1 
A,UAAIB,PC_UAA,ES24	19.0 	17.4 	17.4 	29.2 	18.2 
A,UAAIB,PC_UAA,ES30	8.6 	7.8 	8.6 	27.8 	7.9 
A,UAAIB,PC_UAA,ES41	10.0 	10.2 	10.3 	22.4 	10.8 
A,UAAIB,PC_UAA,ES42	15.1 	13.1 	12.8 	23.7 	12.3 
A,UAAIB,PC_UAA,ES43	10.0 	10.1 	9.7 	25.9 	11.5 
A,UAAIB,PC_UAA,ES51	22.5 	20.9 	22.6 	45.8 	25.3 
A,UAAIB,PC_UAA,ES52	40.9 	43.6 	43.4 	50.8 	43.1 
A,UAAIB,PC_UAA,ES53	11.3 	9.3 	11.9 	17.5 	9.3 
A,UAAIB,PC_UAA,ES61	19.2 	19.2 	20.0 	37.8 	21.3 
A,UAAIB,PC_UAA,ES62	39.6 	39.3 	38.7 	51.7 	39.7 
A,UAAIB,PC_UAA,ES63	: c	: c	: c	: c	: c
A,UAAIB,PC_UAA,ES64	: c	: c	: c	0.0 	0.0 
A,UAAIB,PC_UAA,ES70	34.2 	35.8 	31.8 	47.3 	36.6 
A,UAAIB,PC_UAA,FI	3.1 	3.3 	3.0 	4.5 	2.4 
A,UAAIB,PC_UAA,FI13	2.2 	: 	: 	: 	: 
A,UAAIB,PC_UAA,FI18	4.7 	: 	: 	: 	: 
A,UAAIB,PC_UAA,FI19	2.2 	2.4 	2.2 	3.8 	2.1 
A,UAAIB,PC_UAA,FI1A	1.4 	: 	: 	: 	: 
A,UAAIB,PC_UAA,FI1B	: 	5.5 	5.3 	7.1 	2.7 
A,UAAIB,PC_UAA,FI1C	: 	5.0 	4.4 	6.0 	2.9 
A,UAAIB,PC_UAA,FI1D	: 	1.9 	1.8 	3.1 	2.1 
A,UAAIB,PC_UAA,FI20	12.9 	10.6 	10.3 	8.7 	7.3 
A,UAAIB,PC_UAA,FR	9.8 	9.7 	8.4 	10.1 	9.7 
A,UAAIB,PC_UAA,FR10	12.2 	12.1 	10.1 	11.5 	9.3 
A,UAAIB,PC_UAA,FR21	4.1 	4.8 	4.0 	7.7 	5.3 
A,UAAIB,PC_UAA,FR22	10.4 	10.6 	7.9 	10.9 	12.3 
A,UAAIB,PC_UAA,FR23	1.3 	1.5 	1.1 	1.4 	2.0 
A,UAAIB,PC_UAA,FR24	21.0 	21.4 	20.5 	21.8 	20.2 
A,UAAIB,PC_UAA,FR25	0.9 	0.9 	0.8 	0.9 	0.9 
A,UAAIB,PC_UAA,FR26	2.5 	2.4 	1.6 	2.8 	2.2 
A,UAAIB,PC_UAA,FR30	5.6 	5.0 	5.5 	9.0 	9.5 
A,UAAIB,PC_UAA,FR41	0.1 	0.1 	0.1 	0.1 	0.1 
A,UAAIB,PC_UAA,FR42	21.7 	22.4 	20.1 	20.9 	22.2 
A,UAAIB,PC_UAA,FR43	1.3 	1.3 	1.1 	1.5 	1.3 
A,UAAIB,PC_UAA,FR51	9.9 	9.7 	9.6 	10.4 	11.7 
A,UAAIB,PC_UAA,FR52	2.6 	2.7 	1.7 	2.2 	2.4 
A,UAAIB,PC_UAA,FR53	13.5 	13.1 	11.8 	13.6 	11.2 
A,UAAIB,PC_UAA,FR61	24.3 	23.7 	20.6 	24.1 	22.6 
A,UAAIB,PC_UAA,FR62	15.5 	15.4 	11.5 	14.4 	14.3 
A,UAAIB,PC_UAA,FR63	0.4 	0.5 	0.5 	0.7 	0.5 
A,UAAIB,PC_UAA,FR71	11.2 	11.3 	9.4 	10.0 	9.4 
A,UAAIB,PC_UAA,FR72	3.0 	3.0 	3.2 	3.3 	4.1 
A,UAAIB,PC_UAA,FR81	13.5 	11.2 	8.9 	13.1 	13.8 
A,UAAIB,PC_UAA,FR82	23.8 	24.6 	16.3 	20.5 	20.3 
A,UAAIB,PC_UAA,FR83	12.2 	11.5 	7.9 	12.5 	11.6 
A,UAAIB,PC_UAA,FR91	21.9 	19.1 	14.5 	31.5 	: 
A,UAAIB,PC_UAA,FR92	24.5 	24.4 	23.7 	24.7 	: 
A,UAAIB,PC_UAA,FR93	37.6 	35.0 	3.1 	11.3 	: 
A,UAAIB,PC_UAA,FR94	18.0 	20.0 	21.8 	29.5 	: 
A,UAAIB,PC_UAA,FRA1	: 	: 	: 	: 	31.3 
A,UAAIB,PC_UAA,FRA2	: 	: 	: 	: 	20.6 
A,UAAIB,PC_UAA,FRA3	: 	: 	: 	: 	15.2 
A,UAAIB,PC_UAA,FRA4	: 	: 	: 	: 	25.0 
A,UAAIB,PC_UAA,HR	: 	2.8 	1.7 	1.6 	1.9 
A,UAAIB,PC_UAA,HR03	: 	6.0 	3.9 	2.0 	1.8 
A,UAAIB,PC_UAA,HR04	: 	2.4 	1.3 	1.5 	1.9 
A,UAAIB,PC_UAA,HU	3.6 	3.3 	5.0 	5.6 	4.9 
A,UAAIB,PC_UAA,HU10	2.4 	1.4 	4.1 	4.2 	3.7 
A,UAAIB,PC_UAA,HU21	1.2 	1.3 	1.9 	2.3 	1.8 
A,UAAIB,PC_UAA,HU22	2.1 	3.0 	4.0 	4.3 	3.4 
A,UAAIB,PC_UAA,HU23	1.3 	1.4 	1.2 	1.3 	1.7 
A,UAAIB,PC_UAA,HU31	1.2 	0.8 	1.1 	1.7 	2.2 
A,UAAIB,PC_UAA,HU32	5.3 	5.6 	8.6 	9.4 	8.2 
A,UAAIB,PC_UAA,HU33	6.6 	5.3 	8.1 	8.9 	7.5 
A,UAAIB,PC_UAA,IE	0.0 	0.0 	0.0 	0.0 	0.0 
A,UAAIB,PC_UAA,IE01	0.0 	0.0 	0.0 	0.0 	0.0 
A,UAAIB,PC_UAA,IE02	0.0 	0.0 	0.0 	0.0 	0.0 
A,UAAIB,PC_UAA,IT	31.3 	31.0 	29.1 	33.1 	32.6 
A,UAAIB,PC_UAA,ITC1	44.6 	39.9 	43.4 	47.5 	45.2 
A,UAAIB,PC_UAA,ITC2	33.0 	31.6 	28.7 	19.1 	24.2 
A,UAAIB,PC_UAA,ITC3	15.7 	14.6 	18.9 	31.9 	32.0 
A,UAAIB,PC_UAA,ITC4	72.3 	68.1 	69.6 	73.0 	70.7 
A,UAAIB,PC_UAA,ITD1	16.4 	: 	: 	: 	: 
A,UAAIB,PC_UAA,ITD2	15.1 	: 	: 	: 	: 
A,UAAIB,PC_UAA,ITD3	59.6 	: 	: 	: 	: 
A,UAAIB,PC_UAA,ITD4	42.3 	: 	: 	: 	: 
A,UAAIB,PC_UAA,ITD5	54.0 	: 	: 	: 	: 
A,UAAIB,PC_UAA,ITE1	16.1 	: 	: 	: 	: 
A,UAAIB,PC_UAA,ITE2	16.7 	: 	: 	: 	: 
A,UAAIB,PC_UAA,ITE3	9.7 	: 	: 	: 	: 
A,UAAIB,PC_UAA,ITE4	22.5 	: 	: 	: 	: 
A,UAAIB,PC_UAA,ITF1	13.3 	13.9 	11.7 	14.1 	14.8 
A,UAAIB,PC_UAA,ITF2	9.2 	10.4 	11.3 	12.5 	14.1 
A,UAAIB,PC_UAA,ITF3	22.1 	17.9 	22.2 	24.1 	24.1 
A,UAAIB,PC_UAA,ITF4	29.7 	34.8 	29.1 	30.8 	30.9 
A,UAAIB,PC_UAA,ITF5	14.7 	14.5 	13.6 	16.0 	17.2 
A,UAAIB,PC_UAA,ITF6	23.3 	23.3 	19.2 	20.8 	18.9 
A,UAAIB,PC_UAA,ITG1	20.4 	18.7 	14.8 	17.2 	16.9 
A,UAAIB,PC_UAA,ITG2	16.7 	17.5 	13.4 	13.3 	17.4 
A,UAAIB,PC_UAA,ITH1	: 	17.6 	17.7 	30.9 	19.1 
A,UAAIB,PC_UAA,ITH2	: 	15.3 	15.5 	16.1 	15.8 
A,UAAIB,PC_UAA,ITH3	: 	57.6 	49.8 	69.9 	67.4 
A,UAAIB,PC_UAA,ITH4	: 	43.6 	41.6 	58.6 	51.2 
A,UAAIB,PC_UAA,ITH5	: 	56.1 	55.5 	60.0 	61.3 
A,UAAIB,PC_UAA,ITI1	: 	14.9 	12.1 	15.1 	15.3 
A,UAAIB,PC_UAA,ITI2	: 	15.6 	15.2 	15.4 	15.2 
A,UAAIB,PC_UAA,ITI3	: 	12.3 	8.8 	13.2 	9.1 
A,UAAIB,PC_UAA,ITI4	: 	20.9 	22.7 	22.4 	26.4 
A,UAAIB,PC_UAA,LT	0.2 	0.1 	0.1 	0.1 	0.2 
A,UAAIB,PC_UAA,LT00	0.2 	0.1 	0.1 	0.1 	0.2 
A,UAAIB,PC_UAA,LU	: 	0.0 	: 	: 	: 
A,UAAIB,PC_UAA,LU00	: 	0.0 	: 	: 	: 
A,UAAIB,PC_UAA,LV	0.0 	0.0 	0.1 	0.0 	0.0 
A,UAAIB,PC_UAA,LV00	0.0 	0.0 	0.1 	0.0 	0.0 
A,UAAIB,PC_UAA,ME	: 	: 	2.3 	: 	: 
A,UAAIB,PC_UAA,ME00	: 	: 	2.3 	: 	: 
A,UAAIB,PC_UAA,MK	: 	: 	: 	39.0 	: 
A,UAAIB,PC_UAA,MK00	: 	: 	: 	39.0 	: 
A,UAAIB,PC_UAA,MT	29.5 	31.0 	27.5 	38.6 	32.9 
A,UAAIB,PC_UAA,MT00	29.5 	31.0 	27.5 	38.6 	32.9 
A,UAAIB,PC_UAA,NL	20.8 	23.9 	26.0 	27.0 	29.1 
A,UAAIB,PC_UAA,NL11	11.3 	13.4 	16.2 	16.9 	14.7 
A,UAAIB,PC_UAA,NL12	8.2 	11.9 	13.0 	13.6 	14.3 
A,UAAIB,PC_UAA,NL13	13.4 	13.8 	13.6 	15.8 	17.4 
A,UAAIB,PC_UAA,NL21	14.0 	15.3 	15.0 	16.1 	16.6 
A,UAAIB,PC_UAA,NL22	20.1 	20.7 	20.3 	21.8 	24.0 
A,UAAIB,PC_UAA,NL23	43.6 	56.7 	69.3 	70.1 	73.7 
A,UAAIB,PC_UAA,NL31	16.9 	16.6 	18.1 	17.8 	19.8 
A,UAAIB,PC_UAA,NL32	24.7 	31.8 	36.9 	33.8 	37.4 
A,UAAIB,PC_UAA,NL33	14.6 	21.4 	25.9 	28.6 	32.5 
A,UAAIB,PC_UAA,NL34	4.4 	6.1 	7.9 	10.6 	13.3 
A,UAAIB,PC_UAA,NL41	44.1 	46.6 	48.2 	50.2 	54.7 
A,UAAIB,PC_UAA,NL42	38.6 	40.9 	43.0 	45.3 	48.7 
A,UAAIB,PC_UAA,NO	11.3 	11.0 	9.3 	8.9 	: 
A,UAAIB,PC_UAA,NO01	8.6 	8.7 	6.3 	5.2 	: 
A,UAAIB,PC_UAA,NO02	23.1 	22.8 	19.2 	19.6 	: 
A,UAAIB,PC_UAA,NO03	18.9 	18.3 	15.8 	14.3 	: 
A,UAAIB,PC_UAA,NO04	7.4 	7.1 	5.7 	5.4 	: 
A,UAAIB,PC_UAA,NO05	5.7 	4.8 	4.0 	3.6 	: 
A,UAAIB,PC_UAA,NO06	2.1 	2.5 	1.8 	1.9 	: 
A,UAAIB,PC_UAA,NO07	2.3 	2.1 	1.8 	1.8 	: 
A,UAAIB,PC_UAA,PL	0.8 	0.7 	0.6 	0.5 	1.9 
A,UAAIB,PC_UAA,PL11	1.2 	1.4 	1.5 	1.4 	3.8 
A,UAAIB,PC_UAA,PL12	1.3 	1.0 	0.9 	1.0 	2.1 
A,UAAIB,PC_UAA,PL21	0.2 	0.3 	0.1 	0.1 	1.2 
A,UAAIB,PC_UAA,PL22	0.2 	0.3 	0.2 	0.3 	0.9 
A,UAAIB,PC_UAA,PL31	0.3 	0.3 	0.2 	0.3 	1.7 
A,UAAIB,PC_UAA,PL32	0.0 	0.1 	0.1 	0.1 	0.4 
A,UAAIB,PC_UAA,PL33	0.1 	0.2 	0.2 	0.3 	2.3 
A,UAAIB,PC_UAA,PL34	0.2 	0.1 	0.2 	0.2 	0.3 
A,UAAIB,PC_UAA,PL41	1.0 	1.1 	0.8 	0.7 	2.8 
A,UAAIB,PC_UAA,PL42	0.8 	0.4 	0.3 	0.2 	0.7 
A,UAAIB,PC_UAA,PL43	1.5 	0.5 	0.6 	0.2 	0.7 
A,UAAIB,PC_UAA,PL51	0.5 	0.6 	0.5 	0.2 	3.7 
A,UAAIB,PC_UAA,PL52	0.1 	0.3 	0.5 	0.4 	0.7 
A,UAAIB,PC_UAA,PL61	1.2 	1.2 	1.3 	1.2 	3.1 
A,UAAIB,PC_UAA,PL62	2.6 	1.7 	0.2 	0.1 	1.3 
A,UAAIB,PC_UAA,PL63	1.0 	1.1 	0.8 	0.5 	1.2 
A,UAAIB,PC_UAA,PT	16.8 	16.8 	14.7 	15.2 	15.1 
A,UAAIB,PC_UAA,PT11	26.3 	24.3 	22.0 	23.7 	20.7 
A,UAAIB,PC_UAA,PT15	23.5 	19.1 	18.4 	18.7 	18.0 
A,UAAIB,PC_UAA,PT16	27.7 	28.3 	23.7 	21.2 	21.7 
A,UAAIB,PC_UAA,PT17	23.0 	40.2 	31.5 	36.3 	33.2 
A,UAAIB,PC_UAA,PT18	9.9 	10.2 	10.0 	10.8 	11.4 
A,UAAIB,PC_UAA,PT20	0.0 	0.0 	0.2 	0.3 	0.4 
A,UAAIB,PC_UAA,PT30	84.5 	92.5 	82.3 	81.9 	83.6 
A,UAAIB,PC_UAA,RO	5.8 	4.5 	3.1 	1.8 	2.7 
A,UAAIB,PC_UAA,RO11	0.1 	0.0 	0.0 	0.0 	0.2 
A,UAAIB,PC_UAA,RO12	0.1 	0.0 	0.1 	0.0 	0.1 
A,UAAIB,PC_UAA,RO21	2.5 	2.4 	0.3 	0.2 	0.4 
A,UAAIB,PC_UAA,RO22	16.6 	12.8 	12.6 	8.1 	9.4 
A,UAAIB,PC_UAA,RO31	8.7 	7.6 	3.8 	1.7 	3.5 
A,UAAIB,PC_UAA,RO32	13.2 	5.3 	0.4 	0.7 	1.6 
A,UAAIB,PC_UAA,RO41	9.1 	6.2 	2.6 	0.8 	3.2 
A,UAAIB,PC_UAA,RO42	0.5 	0.1 	0.2 	0.2 	0.4 
A,UAAIB,PC_UAA,SE	5.2 	5.1 	5.4 	5.1 	5.2 
A,UAAIB,PC_UAA,SE11	2.1 	2.1 	2.3 	1.4 	1.3 
A,UAAIB,PC_UAA,SE12	2.4 	2.3 	2.6 	2.3 	2.4 
A,UAAIB,PC_UAA,SE21	4.7 	4.7 	5.0 	4.8 	4.9 
A,UAAIB,PC_UAA,SE22	13.3 	13.5 	13.3 	13.2 	13.2 
A,UAAIB,PC_UAA,SE23	5.3 	5.1 	5.4 	5.2 	5.0 
A,UAAIB,PC_UAA,SE31	2.1 	1.9 	2.2 	2.1 	2.7 
A,UAAIB,PC_UAA,SE32	1.0 	0.7 	1.1 	1.0 	0.6 
A,UAAIB,PC_UAA,SE33	1.3 	1.0 	1.2 	0.6 	1.0 
A,UAAIB,PC_UAA,SI	0.9 	0.8 	1.1 	0.9 	1.1 
A,UAAIB,PC_UAA,SI01	0.9 	0.9 	1.0 	0.9 	: 
A,UAAIB,PC_UAA,SI02	0.9 	0.6 	1.4 	0.8 	: 
A,UAAIB,PC_UAA,SI03	: 	: 	: 	: 	1.3 
A,UAAIB,PC_UAA,SI04	: 	: 	: 	: 	0.8 
A,UAAIB,PC_UAA,SK	9.6 	9.5 	5.7 	5.2 	3.9 
A,UAAIB,PC_UAA,SK01	34.2 	33.9 	20.2 	18.6 	15.7 
A,UAAIB,PC_UAA,SK02	17.7 	17.5 	10.7 	9.9 	7.1 
A,UAAIB,PC_UAA,SK03	1.1 	1.7 	1.0 	0.7 	0.7 
A,UAAIB,PC_UAA,SK04	1.1 	0.8 	0.3 	0.1 	0.1 
A,UAAIB,PC_UAA,UK	1.3 	0.9 	0.6 	0.7 	2.8 
A,UAAIB,PC_UAA,UKC1	0.1 	0.4 	: c	: c	0.4 
A,UAAIB,PC_UAA,UKC2	0.2 	0.3 	0.1 	0.1 	0.4 
A,UAAIB,PC_UAA,UKD1	0.1 	0.1 	: c	0.0 	0.1 
A,UAAIB,PC_UAA,UKD2	0.8 	: 	: 	: 	: 
A,UAAIB,PC_UAA,UKD3	0.8 	0.2 	: c	: c	1.3 
A,UAAIB,PC_UAA,UKD4	1.2 	0.8 	0.4 	0.1 	3.1 
A,UAAIB,PC_UAA,UKD5	0.8 	: 	: 	: 	: 
A,UAAIB,PC_UAA,UKD6	: 	0.7 	0.3 	: c	3.7 
A,UAAIB,PC_UAA,UKD7	: 	0.6 	: c	: c	5.8 
A,UAAIB,PC_UAA,UKE1	3.0 	2.5 	1.0 	0.7 	6.2 
A,UAAIB,PC_UAA,UKE2	1.7 	1.0 	0.4 	0.4 	2.9 
A,UAAIB,PC_UAA,UKE3	2.4 	2.0 	0.6 	0.6 	5.0 
A,UAAIB,PC_UAA,UKE4	1.5 	0.9 	0.1 	0.1 	1.8 
A,UAAIB,PC_UAA,UKF1	4.5 	2.5 	1.4 	1.5 	8.6 
A,UAAIB,PC_UAA,UKF2	0.4 	0.6 	0.0 	0.1 	1.2 
A,UAAIB,PC_UAA,UKF3	4.8 	2.4 	1.3 	1.1 	9.1 
A,UAAIB,PC_UAA,UKG1	2.3 	1.4 	0.6 	0.6 	3.6 
A,UAAIB,PC_UAA,UKG2	3.7 	1.6 	1.3 	0.7 	9.0 
A,UAAIB,PC_UAA,UKG3	: c	0.8 	: c	: c	6.0 
A,UAAIB,PC_UAA,UKH1	8.0 	5.4 	3.5 	2.7 	19.8 
A,UAAIB,PC_UAA,UKH2	2.0 	1.2 	0.6 	0.7 	3.9 
A,UAAIB,PC_UAA,UKH3	5.3 	3.5 	1.6 	1.3 	8.2 
A,UAAIB,PC_UAA,UKI1	0.0 	0.0 	0.0 	0.0 	: 
A,UAAIB,PC_UAA,UKI2	5.9 	1.1 	1.5 	0.6 	: 
A,UAAIB,PC_UAA,UKI5	: 	: 	: 	: 	8.7 
A,UAAIB,PC_UAA,UKI6	: 	: 	: 	: 	2.1 
A,UAAIB,PC_UAA,UKI7	: 	: 	: 	: 	0.5 
A,UAAIB,PC_UAA,UKJ1	0.4 	0.8 	0.1 	0.0 	1.8 
A,UAAIB,PC_UAA,UKJ2	1.3 	1.1 	0.7 	0.2 	2.6 
A,UAAIB,PC_UAA,UKJ3	1.0 	0.8 	0.4 	0.3 	2.8 
A,UAAIB,PC_UAA,UKJ4	4.0 	2.2 	1.5 	0.9 	5.9 
A,UAAIB,PC_UAA,UKK1	0.4 	0.6 	0.1 	0.1 	0.6 
A,UAAIB,PC_UAA,UKK2	0.3 	0.6 	0.1 	0.0 	0.8 
A,UAAIB,PC_UAA,UKK3	0.3 	0.5 	0.1 	0.0 	0.6 
A,UAAIB,PC_UAA,UKK4	0.2 	0.3 	0.0 	0.0 	0.6 
A,UAAIB,PC_UAA,UKL1	0.1 	0.1 	0.0 	0.0 	0.2 
A,UAAIB,PC_UAA,UKL2	0.0 	0.0 	0.0 	0.0 	0.1 
A,UAAIB,PC_UAA,UKM2	0.0 	0.0 	1.7 	3.7 	0.1 
A,UAAIB,PC_UAA,UKM3	0.0 	0.0 	0.0 	0.4 	: c
A,UAAIB,PC_UAA,UKM5	0.0 	0.0 	0.2 	1.1 	0.1 
A,UAAIB,PC_UAA,UKM6	0.0 	0.0 	0.0 	0.2 	: c
A,UAAIB,PC_UAA,UKN0	0.0 	0.0 	0.0 	0.0 	0.0 
A,UAAIT,PC_UAA,AT	1.2 	1.4 	0.9 	1.9 	1.4 
A,UAAIT,PC_UAA,AT11	6.2 	5.8 	3.9 	7.5 	5.6 
A,UAAIT,PC_UAA,AT12	2.4 	3.0 	1.7 	3.5 	2.7 
A,UAAIT,PC_UAA,AT13	11.3 	6.9 	11.2 	12.7 	15.4 
A,UAAIT,PC_UAA,AT21	0.1 	0.1 	0.1 	0.1 	0.0 
A,UAAIT,PC_UAA,AT22	0.2 	0.3 	0.3 	0.5 	0.4 
A,UAAIT,PC_UAA,AT31	0.2 	0.1 	0.1 	0.1 	0.1 
A,UAAIT,PC_UAA,AT32	0.0 	0.0 	0.0 	0.1 	0.0 
A,UAAIT,PC_UAA,AT33	0.6 	0.5 	0.5 	0.7 	0.5 
A,UAAIT,PC_UAA,AT34	0.1 	0.0 	0.0 	0.1 	0.2 
A,UAAIT,PC_UAA,BE	0.2 	0.4 	0.3 	0.4 	0.8 
A,UAAIT,PC_UAA,BE10	0.0 	0.0 	0.0 	0.0 	0.0 
A,UAAIT,PC_UAA,BE21	0.5 	1.0 	0.7 	0.9 	2.1 
A,UAAIT,PC_UAA,BE22	0.7 	2.2 	1.1 	1.5 	1.9 
A,UAAIT,PC_UAA,BE23	0.2 	0.3 	0.2 	0.2 	0.3 
A,UAAIT,PC_UAA,BE24	0.1 	0.2 	0.1 	0.4 	0.6 
A,UAAIT,PC_UAA,BE25	0.5 	0.9 	0.7 	0.8 	2.0 
A,UAAIT,PC_UAA,BE31	: c	: c	0.1 	0.5 	0.3 
A,UAAIT,PC_UAA,BE32	0.1 	0.0 	0.0 	0.1 	0.1 
A,UAAIT,PC_UAA,BE33	0.3 	0.1 	0.2 	0.3 	0.6 
A,UAAIT,PC_UAA,BE34	: c	: c	: c	0.0 	: c
A,UAAIT,PC_UAA,BE35	0.1 	: c	0.2 	0.2 	0.1 
A,UAAIT,PC_UAA,BG	2.0 	2.4 	2.0 	2.1 	2.1 
A,UAAIT,PC_UAA,BG31	0.5 	0.3 	0.6 	0.8 	0.5 
A,UAAIT,PC_UAA,BG32	0.1 	0.3 	0.2 	0.5 	0.7 
A,UAAIT,PC_UAA,BG33	0.4 	0.7 	0.5 	0.6 	0.7 
A,UAAIT,PC_UAA,BG34	0.9 	2.6 	1.9 	2.3 	1.9 
A,UAAIT,PC_UAA,BG41	7.6 	5.7 	2.8 	3.1 	2.9 
A,UAAIT,PC_UAA,BG42	10.9 	10.4 	7.9 	6.6 	7.4 
A,UAAIT,PC_UAA,CH	0.0 	0.0 	: 	: 	: 
A,UAAIT,PC_UAA,CH01	0.0 	0.0 	: 	: 	: 
A,UAAIT,PC_UAA,CH02	0.0 	0.0 	: 	: 	: 
A,UAAIT,PC_UAA,CH03	0.0 	0.0 	: 	: 	: 
A,UAAIT,PC_UAA,CH04	0.0 	0.0 	: 	: 	: 
A,UAAIT,PC_UAA,CH05	0.0 	0.0 	: 	: 	: 
A,UAAIT,PC_UAA,CH06	0.0 	0.0 	: 	: 	: 
A,UAAIT,PC_UAA,CH07	0.0 	0.0 	: 	: 	: 
A,UAAIT,PC_UAA,CY	22.0 	21.4 	23.9 	22.6 	21.0 
A,UAAIT,PC_UAA,CY00	22.0 	21.4 	23.9 	22.6 	21.0 
A,UAAIT,PC_UAA,CZ	0.5 	0.6 	0.6 	0.5 	0.7 
A,UAAIT,PC_UAA,CZ01	0.2 	1.4 	: c	: c	1.7 
A,UAAIT,PC_UAA,CZ02	1.1 	1.1 	1.3 	1.2 	1.3 
A,UAAIT,PC_UAA,CZ03	0.0 	0.0 	0.0 	0.0 	0.3 
A,UAAIT,PC_UAA,CZ04	0.9 	1.0 	0.9 	0.8 	0.8 
A,UAAIT,PC_UAA,CZ05	0.3 	0.3 	0.4 	0.3 	0.4 
A,UAAIT,PC_UAA,CZ06	0.8 	1.0 	0.8 	0.9 	1.4 
A,UAAIT,PC_UAA,CZ07	0.1 	0.1 	0.2 	0.1 	0.1 
A,UAAIT,PC_UAA,CZ08	0.1 	0.1 	0.1 	0.0 	0.1 
A,UAAIT,PC_UAA,DE	: 	: 	2.2 	2.2 	2.7 
A,UAAIT,PC_UAA,DE1	: 	: 	1.0 	1.1 	: 
A,UAAIT,PC_UAA,DE11	: 	: 	: 	: 	1.4 
A,UAAIT,PC_UAA,DE12	: 	: 	: 	: 	2.7 
A,UAAIT,PC_UAA,DE13	: 	: 	: 	: 	2.5 
A,UAAIT,PC_UAA,DE14	: 	: 	: 	: 	0.3 
A,UAAIT,PC_UAA,DE2	: 	: 	0.5 	0.5 	: 
A,UAAIT,PC_UAA,DE21	: 	: 	: 	: 	0.8 
A,UAAIT,PC_UAA,DE22	: 	: 	: 	: 	1.4 
A,UAAIT,PC_UAA,DE23	: 	: 	: 	: 	1.5 
A,UAAIT,PC_UAA,DE24	: 	: 	: 	: 	0.2 
A,UAAIT,PC_UAA,DE25	: 	: 	: 	: 	0.7 
A,UAAIT,PC_UAA,DE26	: 	: 	: 	: 	1.1 
A,UAAIT,PC_UAA,DE27	: 	: 	: 	: 	0.5 
A,UAAIT,PC_UAA,DE3	: 	: 	1.4 	2.5 	: 
A,UAAIT,PC_UAA,DE30	: 	: 	: 	: 	1.6 
A,UAAIT,PC_UAA,DE4	: 	: 	1.6 	1.6 	: 
A,UAAIT,PC_UAA,DE40	: 	: 	: 	: 	1.9 
A,UAAIT,PC_UAA,DE5	: 	: 	: c	: c	: 
A,UAAIT,PC_UAA,DE50	: 	: 	: 	: 	0.1 
A,UAAIT,PC_UAA,DE6	: 	: 	5.7 	4.5 	: 
A,UAAIT,PC_UAA,DE60	: 	: 	: 	: 	5.5 
A,UAAIT,PC_UAA,DE7	: 	: 	2.0 	1.8 	: 
A,UAAIT,PC_UAA,DE71	: 	: 	: 	: 	9.3 
A,UAAIT,PC_UAA,DE72	: 	: 	: 	: 	0.2 
A,UAAIT,PC_UAA,DE73	: 	: 	: 	: 	0.0 
A,UAAIT,PC_UAA,DE8	: 	: 	1.1 	1.4 	: 
A,UAAIT,PC_UAA,DE80	: 	: 	: 	: 	1.6 
A,UAAIT,PC_UAA,DE9	: 	: 	8.5 	8.0 	: 
A,UAAIT,PC_UAA,DE91	: 	: 	: 	: 	13.2 
A,UAAIT,PC_UAA,DE92	: 	: 	: 	: 	6.2 
A,UAAIT,PC_UAA,DE93	: 	: 	: 	: 	18.2 
A,UAAIT,PC_UAA,DE94	: 	: 	: 	: 	1.5 
A,UAAIT,PC_UAA,DEA	: 	: 	1.9 	1.8 	: 
A,UAAIT,PC_UAA,DEA1	: 	: 	: 	: 	9.1 
A,UAAIT,PC_UAA,DEA2	: 	: 	: 	: 	2.4 
A,UAAIT,PC_UAA,DEA3	: 	: 	: 	: 	1.3 
A,UAAIT,PC_UAA,DEA4	: 	: 	: 	: 	0.5 
A,UAAIT,PC_UAA,DEA5	: 	: 	: 	: 	0.1 
A,UAAIT,PC_UAA,DEB	: 	: 	2.8 	2.5 	: 
A,UAAIT,PC_UAA,DEB1	: 	: 	: 	: 	0.1 
A,UAAIT,PC_UAA,DEB2	: 	: 	: 	: 	0.1 
A,UAAIT,PC_UAA,DEB3	: 	: 	: 	: 	8.4 
A,UAAIT,PC_UAA,DEC	: 	: 	0.2 	0.2 	: 
A,UAAIT,PC_UAA,DEC0	: 	: 	: 	: 	0.2 
A,UAAIT,PC_UAA,DED	: 	: 	0.4 	0.5 	: 
A,UAAIT,PC_UAA,DED2	: 	: 	: 	: 	0.6 
A,UAAIT,PC_UAA,DED4	: 	: 	: 	: 	0.0 
A,UAAIT,PC_UAA,DED5	: 	: 	: 	: 	1.3 
A,UAAIT,PC_UAA,DEE	: 	: 	1.1 	1.3 	: 
A,UAAIT,PC_UAA,DEE0	: 	: 	: 	: 	1.7 
A,UAAIT,PC_UAA,DEF	: 	: 	0.7 	0.5 	: 
A,UAAIT,PC_UAA,DEF0	: 	: 	: 	: 	0.7 
A,UAAIT,PC_UAA,DEG	: 	: 	0.3 	0.3 	: 
A,UAAIT,PC_UAA,DEG0	: 	: 	: 	: 	0.3 
A,UAAIT,PC_UAA,DK	9.7 	9.5 	12.1 	9.2 	5.6 
A,UAAIT,PC_UAA,DK01	1.5 	1.7 	1.2 	1.2 	0.8 
A,UAAIT,PC_UAA,DK02	0.8 	0.8 	0.7 	0.7 	0.7 
A,UAAIT,PC_UAA,DK03	14.3 	14.1 	17.8 	14.4 	8.5 
A,UAAIT,PC_UAA,DK04	15.5 	15.5 	20.1 	15.0 	8.9 
A,UAAIT,PC_UAA,DK05	2.6 	2.5 	3.4 	1.5 	1.0 
A,UAAIT,PC_UAA,EE	: 	: 	0.0 	0.0 	0.2 
A,UAAIT,PC_UAA,EE00	: 	: 	0.0 	0.0 	0.2 
A,UAAIT,PC_UAA,EL	32.9 	31.4 	19.8 	24.0 	23.6 
A,UAAIT,PC_UAA,EL11	47.1 	43.8 	23.1 	39.1 	: 
A,UAAIT,PC_UAA,EL12	43.6 	43.0 	26.5 	38.5 	: 
A,UAAIT,PC_UAA,EL13	21.9 	17.5 	11.6 	9.4 	: 
A,UAAIT,PC_UAA,EL14	54.9 	47.9 	22.9 	36.3 	: 
A,UAAIT,PC_UAA,EL21	33.0 	29.5 	15.5 	18.0 	: 
A,UAAIT,PC_UAA,EL22	2.6 	3.9 	2.2 	2.3 	: 
A,UAAIT,PC_UAA,EL23	34.2 	33.8 	23.9 	28.4 	: 
A,UAAIT,PC_UAA,EL24	31.9 	30.2 	16.5 	27.6 	: 
A,UAAIT,PC_UAA,EL25	25.8 	26.2 	18.2 	18.8 	: 
A,UAAIT,PC_UAA,EL30	23.6 	20.6 	17.8 	20.8 	13.6 
A,UAAIT,PC_UAA,EL41	4.2 	4.0 	3.1 	3.3 	3.3 
A,UAAIT,PC_UAA,EL42	4.7 	5.5 	5.5 	3.1 	2.4 
A,UAAIT,PC_UAA,EL43	22.3 	22.9 	18.8 	12.2 	13.3 
A,UAAIT,PC_UAA,EL51	: 	: 	: 	: 	35.4 
A,UAAIT,PC_UAA,EL52	: 	: 	: 	: 	40.0 
A,UAAIT,PC_UAA,EL53	: 	: 	: 	: 	13.2 
A,UAAIT,PC_UAA,EL54	: 	: 	: 	: 	16.6 
A,UAAIT,PC_UAA,EL61	: 	: 	: 	: 	33.9 
A,UAAIT,PC_UAA,EL62	: 	: 	: 	: 	1.8 
A,UAAIT,PC_UAA,EL63	: 	: 	: 	: 	24.6 
A,UAAIT,PC_UAA,EL64	: 	: 	: 	: 	25.6 
A,UAAIT,PC_UAA,EL65	: 	: 	: 	: 	21.4 
A,UAAIT,PC_UAA,ES	13.5 	13.1 	12.8 	: c	13.2 
A,UAAIT,PC_UAA,ES11	4.3 	5.2 	5.0 	2.9 	3.0 
A,UAAIT,PC_UAA,ES12	1.7 	1.0 	2.0 	1.0 	0.8 
A,UAAIT,PC_UAA,ES13	0.4 	0.2 	0.5 	0.4 	0.4 
A,UAAIT,PC_UAA,ES21	4.1 	2.9 	3.7 	3.6 	4.6 
A,UAAIT,PC_UAA,ES22	11.5 	10.9 	13.5 	15.3 	15.1 
A,UAAIT,PC_UAA,ES23	12.4 	11.3 	11.7 	13.6 	13.3 
A,UAAIT,PC_UAA,ES24	16.5 	16.8 	16.0 	15.4 	16.5 
A,UAAIT,PC_UAA,ES30	7.4 	6.4 	6.6 	5.1 	5.4 
A,UAAIT,PC_UAA,ES41	8.5 	8.1 	8.1 	7.6 	8.5 
A,UAAIT,PC_UAA,ES42	12.6 	11.2 	10.0 	8.8 	9.6 
A,UAAIT,PC_UAA,ES43	9.3 	9.4 	8.4 	8.6 	9.2 
A,UAAIT,PC_UAA,ES51	21.5 	19.3 	20.6 	20.4 	22.1 
A,UAAIT,PC_UAA,ES52	39.5 	40.5 	40.4 	40.0 	40.7 
A,UAAIT,PC_UAA,ES53	7.8 	7.2 	6.8 	5.4 	6.1 
A,UAAIT,PC_UAA,ES61	18.1 	18.0 	17.4 	17.7 	18.6 
A,UAAIT,PC_UAA,ES62	36.1 	37.7 	35.2 	36.6 	36.6 
A,UAAIT,PC_UAA,ES63	: c	: c	: c	: c	: c
A,UAAIT,PC_UAA,ES64	: c	: c	: c	0.0 	0.0 
A,UAAIT,PC_UAA,ES70	31.1 	: c	28.7 	0.0 	33.6 
A,UAAIT,PC_UAA,FI	0.0 	0.0 	0.6 	0.4 	0.4 
A,UAAIT,PC_UAA,FI13	0.0 	: 	: 	: 	: 
A,UAAIT,PC_UAA,FI18	0.0 	: 	: 	: 	: 
A,UAAIT,PC_UAA,FI19	0.0 	0.0 	0.4 	0.3 	0.3 
A,UAAIT,PC_UAA,FI1A	0.0 	: 	: 	: 	: 
A,UAAIT,PC_UAA,FI1B	: 	0.0 	0.5 	0.5 	0.3 
A,UAAIT,PC_UAA,FI1C	: 	0.0 	0.7 	0.7 	0.6 
A,UAAIT,PC_UAA,FI1D	: 	0.0 	0.5 	0.3 	0.2 
A,UAAIT,PC_UAA,FI20	0.0 	0.0 	4.3 	3.7 	3.1 
A,UAAIT,PC_UAA,FR	6.1 	5.5 	5.7 	5.1 	4.9 
A,UAAIT,PC_UAA,FR10	4.9 	5.2 	5.3 	0.0 	3.1 
A,UAAIT,PC_UAA,FR21	1.1 	1.0 	1.1 	: c	1.2 
A,UAAIT,PC_UAA,FR22	3.0 	2.1 	2.9 	: c	3.1 
A,UAAIT,PC_UAA,FR23	0.5 	0.6 	0.7 	: c	0.6 
A,UAAIT,PC_UAA,FR24	12.4 	12.5 	13.8 	7.8 	6.6 
A,UAAIT,PC_UAA,FR25	0.4 	0.3 	0.4 	0.4 	0.4 
A,UAAIT,PC_UAA,FR26	1.0 	0.9 	0.8 	0.7 	0.6 
A,UAAIT,PC_UAA,FR30	1.7 	1.2 	1.7 	2.2 	2.2 
A,UAAIT,PC_UAA,FR41	0.0 	0.0 	0.0 	0.1 	0.0 
A,UAAIT,PC_UAA,FR42	17.9 	16.8 	17.5 	17.4 	16.5 
A,UAAIT,PC_UAA,FR43	0.5 	0.4 	0.3 	0.3 	0.4 
A,UAAIT,PC_UAA,FR51	6.5 	5.0 	6.8 	6.3 	6.5 
A,UAAIT,PC_UAA,FR52	1.0 	0.7 	0.8 	0.8 	0.9 
A,UAAIT,PC_UAA,FR53	9.0 	8.7 	8.6 	8.3 	5.7 
A,UAAIT,PC_UAA,FR61	19.6 	17.6 	16.7 	17.6 	17.3 
A,UAAIT,PC_UAA,FR62	10.7 	9.1 	7.9 	8.1 	7.7 
A,UAAIT,PC_UAA,FR63	0.3 	0.1 	0.3 	0.3 	0.3 
A,UAAIT,PC_UAA,FR71	8.5 	7.0 	7.1 	6.5 	6.5 
A,UAAIT,PC_UAA,FR72	2.1 	1.6 	2.1 	1.8 	2.4 
A,UAAIT,PC_UAA,FR81	6.9 	6.1 	6.4 	6.3 	8.4 
A,UAAIT,PC_UAA,FR82	16.7 	16.5 	12.0 	11.7 	13.7 
A,UAAIT,PC_UAA,FR83	8.4 	8.3 	6.7 	7.9 	7.4 
A,UAAIT,PC_UAA,FR91	7.6 	10.3 	11.3 	14.9 	: 
A,UAAIT,PC_UAA,FR92	19.2 	20.9 	20.3 	20.4 	: 
A,UAAIT,PC_UAA,FR93	35.6 	34.8 	1.3 	10.8 	: 
A,UAAIT,PC_UAA,FR94	17.1 	18.8 	20.4 	26.3 	: 
A,UAAIT,PC_UAA,FRA1	: 	: 	: 	: 	12.6 
A,UAAIT,PC_UAA,FRA2	: 	: 	: 	: 	14.0 
A,UAAIT,PC_UAA,FRA3	: 	: 	: 	: 	13.9 
A,UAAIT,PC_UAA,FRA4	: 	: 	: 	: 	22.7 
A,UAAIT,PC_UAA,HR	: 	0.9 	1.1 	0.9 	1.0 
A,UAAIT,PC_UAA,HR03	: 	2.1 	2.9 	1.3 	1.3 
A,UAAIT,PC_UAA,HR04	: 	0.7 	0.7 	0.7 	0.9 
A,UAAIT,PC_UAA,HU	1.8 	2.1 	2.4 	3.0 	2.6 
A,UAAIT,PC_UAA,HU10	1.7 	1.0 	3.1 	2.5 	2.3 
A,UAAIT,PC_UAA,HU21	0.7 	0.6 	1.0 	0.9 	0.7 
A,UAAIT,PC_UAA,HU22	0.8 	0.8 	0.7 	1.6 	1.0 
A,UAAIT,PC_UAA,HU23	0.7 	0.7 	0.6 	0.7 	0.9 
A,UAAIT,PC_UAA,HU31	0.6 	0.5 	0.7 	0.7 	0.9 
A,UAAIT,PC_UAA,HU32	2.7 	3.7 	4.1 	5.2 	4.6 
A,UAAIT,PC_UAA,HU33	3.1 	3.7 	4.2 	5.4 	4.2 
A,UAAIT,PC_UAA,IE	0.0 	0.0 	0.0 	0.0 	0.0 
A,UAAIT,PC_UAA,IE01	0.0 	0.0 	0.0 	0.0 	0.0 
A,UAAIT,PC_UAA,IE02	0.0 	0.0 	0.0 	0.0 	0.0 
A,UAAIT,PC_UAA,IT	20.6 	20.9 	18.7 	23.7 	20.2 
A,UAAIT,PC_UAA,ITC1	36.8 	34.8 	36.0 	40.6 	37.1 
A,UAAIT,PC_UAA,ITC2	25.2 	25.3 	27.4 	18.5 	23.2 
A,UAAIT,PC_UAA,ITC3	8.5 	11.6 	11.7 	23.8 	17.6 
A,UAAIT,PC_UAA,ITC4	60.2 	56.9 	58.5 	62.4 	53.3 
A,UAAIT,PC_UAA,ITD1	14.5 	: 	: 	: 	: 
A,UAAIT,PC_UAA,ITD2	13.7 	: 	: 	: 	: 
A,UAAIT,PC_UAA,ITD3	34.5 	: 	: 	: 	: 
A,UAAIT,PC_UAA,ITD4	31.6 	: 	: 	: 	: 
A,UAAIT,PC_UAA,ITD5	26.0 	: 	: 	: 	: 
A,UAAIT,PC_UAA,ITE1	6.3 	: 	: 	: 	: 
A,UAAIT,PC_UAA,ITE2	8.5 	: 	: 	: 	: 
A,UAAIT,PC_UAA,ITE3	5.3 	: 	: 	: 	: 
A,UAAIT,PC_UAA,ITE4	12.8 	: 	: 	: 	: 
A,UAAIT,PC_UAA,ITF1	8.8 	8.0 	6.4 	8.7 	7.5 
A,UAAIT,PC_UAA,ITF2	5.7 	7.5 	5.4 	8.3 	8.5 
A,UAAIT,PC_UAA,ITF3	16.6 	13.9 	15.4 	19.8 	18.2 
A,UAAIT,PC_UAA,ITF4	19.4 	22.7 	18.6 	22.1 	17.4 
A,UAAIT,PC_UAA,ITF5	8.5 	8.4 	6.5 	7.6 	7.8 
A,UAAIT,PC_UAA,ITF6	15.9 	17.2 	13.6 	16.0 	13.7 
A,UAAIT,PC_UAA,ITG1	14.4 	14.0 	10.6 	11.9 	12.1 
A,UAAIT,PC_UAA,ITG2	6.8 	7.4 	5.5 	5.2 	7.7 
A,UAAIT,PC_UAA,ITH1	: 	17.3 	17.2 	30.1 	18.3 
A,UAAIT,PC_UAA,ITH2	: 	14.4 	14.4 	14.5 	14.7 
A,UAAIT,PC_UAA,ITH3	: 	36.4 	29.7 	53.7 	42.2 
A,UAAIT,PC_UAA,ITH4	: 	36.6 	28.7 	50.8 	36.4 
A,UAAIT,PC_UAA,ITH5	: 	27.8 	24.1 	33.1 	26.7 
A,UAAIT,PC_UAA,ITI1	: 	5.9 	4.3 	7.1 	5.3 
A,UAAIT,PC_UAA,ITI2	: 	7.2 	6.1 	6.9 	5.6 
A,UAAIT,PC_UAA,ITI3	: 	5.1 	3.4 	6.6 	3.4 
A,UAAIT,PC_UAA,ITI4	: 	12.8 	11.9 	13.7 	13.9 
A,UAAIT,PC_UAA,LT	0.0 	0.0 	0.1 	0.1 	0.1 
A,UAAIT,PC_UAA,LT00	0.0 	0.0 	0.1 	0.1 	0.1 
A,UAAIT,PC_UAA,LU	: 	0.0 	: 	: 	: 
A,UAAIT,PC_UAA,LU00	: 	0.0 	: 	: 	: 
A,UAAIT,PC_UAA,LV	0.0 	0.0 	0.0 	0.0 	0.0 
A,UAAIT,PC_UAA,LV00	0.0 	0.0 	0.0 	0.0 	0.0 
A,UAAIT,PC_UAA,ME	: 	: 	2.3 	: 	: 
A,UAAIT,PC_UAA,ME00	: 	: 	2.3 	: 	: 
A,UAAIT,PC_UAA,MK	: 	: 	: 	23.3 	: 
A,UAAIT,PC_UAA,MK00	: 	: 	: 	23.3 	: 
A,UAAIT,PC_UAA,MT	24.0 	27.2 	24.7 	33.6 	31.4 
A,UAAIT,PC_UAA,MT00	24.0 	27.2 	24.7 	33.6 	31.4 
A,UAAIT,PC_UAA,NL	4.8 	10.6 	7.3 	5.5 	11.2 
A,UAAIT,PC_UAA,NL11	1.7 	3.3 	1.3 	0.6 	2.0 
A,UAAIT,PC_UAA,NL12	0.8 	1.1 	0.5 	0.4 	1.7 
A,UAAIT,PC_UAA,NL13	2.0 	6.1 	3.5 	1.9 	4.8 
A,UAAIT,PC_UAA,NL21	2.1 	7.4 	2.5 	2.1 	4.4 
A,UAAIT,PC_UAA,NL22	3.0 	9.0 	4.1 	2.8 	7.1 
A,UAAIT,PC_UAA,NL23	10.2 	20.8 	16.4 	9.7 	21.6 
A,UAAIT,PC_UAA,NL31	3.6 	5.3 	3.4 	2.1 	4.5 
A,UAAIT,PC_UAA,NL32	8.4 	11.9 	11.4 	10.5 	14.8 
A,UAAIT,PC_UAA,NL33	2.1 	7.2 	5.8 	3.6 	9.7 
A,UAAIT,PC_UAA,NL34	0.6 	2.1 	2.5 	1.5 	5.1 
A,UAAIT,PC_UAA,NL41	12.6 	27.0 	19.1 	14.0 	30.9 
A,UAAIT,PC_UAA,NL42	12.2 	26.7 	23.1 	22.8 	33.3 
A,UAAIT,PC_UAA,NO	4.2 	5.3 	4.0 	2.0 	: 
A,UAAIT,PC_UAA,NO01	1.8 	2.4 	1.6 	0.2 	: 
A,UAAIT,PC_UAA,NO02	10.1 	14.2 	9.1 	4.1 	: 
A,UAAIT,PC_UAA,NO03	7.1 	7.5 	6.8 	3.4 	: 
A,UAAIT,PC_UAA,NO04	1.8 	2.6 	2.7 	1.0 	: 
A,UAAIT,PC_UAA,NO05	1.7 	1.9 	1.8 	1.7 	: 
A,UAAIT,PC_UAA,NO06	0.8 	1.1 	0.6 	0.4 	: 
A,UAAIT,PC_UAA,NO07	0.4 	0.2 	0.2 	0.0 	: 
A,UAAIT,PC_UAA,PL	0.5 	0.5 	0.3 	0.3 	0.9 
A,UAAIT,PC_UAA,PL11	0.9 	1.1 	0.9 	0.9 	1.9 
A,UAAIT,PC_UAA,PL12	0.8 	0.8 	0.5 	0.6 	1.6 
A,UAAIT,PC_UAA,PL21	0.1 	0.1 	0.1 	0.1 	0.9 
A,UAAIT,PC_UAA,PL22	0.2 	0.2 	0.1 	0.2 	0.4 
A,UAAIT,PC_UAA,PL31	0.2 	0.1 	0.2 	0.2 	0.6 
A,UAAIT,PC_UAA,PL32	0.0 	0.0 	0.0 	0.0 	0.3 
A,UAAIT,PC_UAA,PL33	0.1 	0.1 	0.1 	0.2 	0.4 
A,UAAIT,PC_UAA,PL34	0.1 	0.1 	0.0 	0.1 	0.1 
A,UAAIT,PC_UAA,PL41	0.5 	0.7 	0.4 	0.4 	1.1 
A,UAAIT,PC_UAA,PL42	0.5 	0.2 	0.1 	0.1 	0.2 
A,UAAIT,PC_UAA,PL43	0.4 	0.3 	0.3 	0.1 	0.4 
A,UAAIT,PC_UAA,PL51	0.3 	0.4 	0.2 	0.1 	1.1 
A,UAAIT,PC_UAA,PL52	0.1 	0.2 	0.1 	0.1 	0.4 
A,UAAIT,PC_UAA,PL61	0.7 	0.8 	0.8 	0.9 	2.1 
A,UAAIT,PC_UAA,PL62	1.0 	0.7 	0.1 	0.0 	0.6 
A,UAAIT,PC_UAA,PL63	0.7 	0.7 	0.4 	0.2 	0.5 
A,UAAIT,PC_UAA,PT	12.3 	12.1 	12.7 	13.1 	13.0 
A,UAAIT,PC_UAA,PT11	20.0 	17.5 	18.8 	19.2 	17.6 
A,UAAIT,PC_UAA,PT15	17.4 	15.9 	17.9 	17.8 	17.5 
A,UAAIT,PC_UAA,PT16	19.2 	18.0 	19.1 	17.0 	16.8 
A,UAAIT,PC_UAA,PT17	19.2 	31.0 	25.9 	31.8 	29.6 
A,UAAIT,PC_UAA,PT18	7.3 	7.9 	9.0 	10.0 	10.3 
A,UAAIT,PC_UAA,PT20	0.0 	0.0 	0.2 	0.2 	0.4 
A,UAAIT,PC_UAA,PT30	72.2 	76.9 	75.3 	73.8 	75.3 
A,UAAIT,PC_UAA,RO	0.6 	1.3 	1.0 	1.2 	1.9 
A,UAAIT,PC_UAA,RO11	0.0 	0.0 	0.0 	0.0 	0.1 
A,UAAIT,PC_UAA,RO12	0.0 	0.0 	0.1 	0.0 	0.1 
A,UAAIT,PC_UAA,RO21	0.1 	1.5 	0.1 	0.1 	0.4 
A,UAAIT,PC_UAA,RO22	2.0 	4.0 	4.3 	5.8 	6.9 
A,UAAIT,PC_UAA,RO31	1.0 	1.8 	1.2 	1.0 	2.2 
A,UAAIT,PC_UAA,RO32	1.2 	0.2 	0.2 	0.2 	1.0 
A,UAAIT,PC_UAA,RO41	0.7 	0.9 	0.4 	0.3 	2.4 
A,UAAIT,PC_UAA,RO42	0.3 	0.0 	0.1 	0.1 	0.3 
A,UAAIT,PC_UAA,SE	1.5 	1.7 	2.1 	1.7 	1.7 
A,UAAIT,PC_UAA,SE11	0.4 	0.2 	0.9 	0.1 	0.1 
A,UAAIT,PC_UAA,SE12	0.3 	0.3 	0.8 	0.4 	0.4 
A,UAAIT,PC_UAA,SE21	1.5 	1.9 	1.9 	1.8 	1.7 
A,UAAIT,PC_UAA,SE22	5.5 	5.9 	6.1 	6.4 	6.2 
A,UAAIT,PC_UAA,SE23	0.8 	1.2 	1.5 	0.7 	0.9 
A,UAAIT,PC_UAA,SE31	0.3 	0.3 	0.7 	0.2 	0.5 
A,UAAIT,PC_UAA,SE32	0.2 	0.1 	0.6 	0.2 	0.2 
A,UAAIT,PC_UAA,SE33	0.1 	0.2 	0.6 	0.1 	0.2 
A,UAAIT,PC_UAA,SI	0.5 	0.3 	0.3 	0.5 	0.7 
A,UAAIT,PC_UAA,SI01	0.4 	0.3 	0.2 	0.5 	: 
A,UAAIT,PC_UAA,SI02	0.7 	0.5 	0.4 	0.6 	: 
A,UAAIT,PC_UAA,SI03	: 	: 	: 	: 	0.8 
A,UAAIT,PC_UAA,SI04	: 	: 	: 	: 	0.5 
A,UAAIT,PC_UAA,SK	2.4 	2.0 	0.8 	1.3 	1.5 
A,UAAIT,PC_UAA,SK01	10.9 	10.5 	5.5 	7.9 	7.6 
A,UAAIT,PC_UAA,SK02	4.1 	3.5 	1.2 	2.2 	2.5 
A,UAAIT,PC_UAA,SK03	0.3 	0.4 	0.1 	0.1 	0.4 
A,UAAIT,PC_UAA,SK04	0.3 	0.1 	0.0 	0.0 	0.0 
A,UAAIT,PC_UAA,UK	1.3 	0.9 	0.4 	0.3 	1.0 
A,UAAIT,PC_UAA,UKC1	0.1 	0.4 	: c	: c	0.0 
A,UAAIT,PC_UAA,UKC2	0.2 	0.3 	0.1 	0.1 	0.0 
A,UAAIT,PC_UAA,UKD1	0.1 	0.1 	: c	0.0 	0.0 
A,UAAIT,PC_UAA,UKD2	0.8 	: 	: 	: 	: 
A,UAAIT,PC_UAA,UKD3	0.8 	0.2 	: c	: c	0.1 
A,UAAIT,PC_UAA,UKD4	1.2 	0.8 	0.4 	0.1 	1.2 
A,UAAIT,PC_UAA,UKD5	0.8 	: 	: 	: 	: 
A,UAAIT,PC_UAA,UKD6	: 	0.7 	0.3 	: c	0.2 
A,UAAIT,PC_UAA,UKD7	: 	0.6 	: c	: c	1.1 
A,UAAIT,PC_UAA,UKE1	3.0 	2.5 	0.9 	0.5 	1.3 
A,UAAIT,PC_UAA,UKE2	1.7 	1.0 	0.4 	0.3 	0.8 
A,UAAIT,PC_UAA,UKE3	2.4 	2.0 	0.5 	0.5 	0.6 
A,UAAIT,PC_UAA,UKE4	1.5 	0.9 	0.1 	0.1 	0.1 
A,UAAIT,PC_UAA,UKF1	4.5 	2.5 	1.2 	1.4 	3.4 
A,UAAIT,PC_UAA,UKF2	0.4 	0.6 	0.0 	0.0 	0.2 
A,UAAIT,PC_UAA,UKF3	4.8 	2.4 	1.1 	0.9 	2.3 
A,UAAIT,PC_UAA,UKG1	2.3 	1.4 	0.5 	0.5 	1.0 
A,UAAIT,PC_UAA,UKG2	3.7 	1.6 	1.1 	0.4 	3.1 
A,UAAIT,PC_UAA,UKG3	: c	0.8 	: c	: c	0.8 
A,UAAIT,PC_UAA,UKH1	8.0 	5.4 	3.0 	2.5 	8.8 
A,UAAIT,PC_UAA,UKH2	2.0 	1.2 	0.5 	0.7 	0.9 
A,UAAIT,PC_UAA,UKH3	5.3 	3.5 	1.4 	1.1 	3.1 
A,UAAIT,PC_UAA,UKI1	0.0 	0.0 	0.0 	0.0 	: 
A,UAAIT,PC_UAA,UKI2	5.9 	1.1 	1.2 	0.4 	: 
A,UAAIT,PC_UAA,UKI5	: 	: 	: 	: 	4.8 
A,UAAIT,PC_UAA,UKI6	: 	: 	: 	: 	0.8 
A,UAAIT,PC_UAA,UKI7	: 	: 	: 	: 	0.0 
A,UAAIT,PC_UAA,UKJ1	0.4 	0.8 	0.1 	0.0 	1.0 
A,UAAIT,PC_UAA,UKJ2	1.3 	1.1 	0.7 	0.2 	0.5 
A,UAAIT,PC_UAA,UKJ3	1.0 	0.8 	0.4 	0.2 	0.7 
A,UAAIT,PC_UAA,UKJ4	4.0 	2.2 	1.5 	0.9 	2.9 
A,UAAIT,PC_UAA,UKK1	0.4 	0.6 	0.1 	0.1 	0.3 
A,UAAIT,PC_UAA,UKK2	0.3 	0.6 	0.1 	0.0 	0.1 
A,UAAIT,PC_UAA,UKK3	0.3 	0.5 	0.0 	: c	0.1 
A,UAAIT,PC_UAA,UKK4	0.2 	0.3 	0.0 	0.0 	0.1 
A,UAAIT,PC_UAA,UKL1	0.1 	0.1 	0.0 	: c	0.0 
A,UAAIT,PC_UAA,UKL2	0.0 	0.0 	0.0 	: c	0.0 
A,UAAIT,PC_UAA,UKM2	0.0 	0.0 	0.4 	0.1 	0.0 
A,UAAIT,PC_UAA,UKM3	0.0 	0.0 	0.0 	0.0 	: c
A,UAAIT,PC_UAA,UKM5	0.0 	0.0 	0.0 	0.0 	0.0 
A,UAAIT,PC_UAA,UKM6	0.0 	0.0 	0.0 	0.0 	: c
A,UAAIT,PC_UAA,UKN0	0.0 	0.0 	0.0 	0.0 	0.0 
