Country,"Renewables as % of total
electricity generation","Electricity generation, all sources
(GWh)",source,URL
Afghanistan,86.1%,1034,EIA,https://www.eia.gov/international/data/world/electricity/electricity-generation?pd=2&p=000000000000000000000000000009&u=0&f=A&v=mapbubble&a=-&i=none&vo=value&t=C&g=00000000000000000000000000000000000000000000000001&l=249-ruvvvvvfvtvnvv1vrvvvvfvvvvvvfvvvou20evvvvvvvvvvvvvvs&s=1420070400000&e=1420070400000&
Albania,100.0%,5866,EIA,https://www.eia.gov/international/data/world/electricity/electricity-generation?pd=2&p=000000000000000000000000000009&u=0&f=A&v=mapbubble&a=-&i=none&vo=value&t=C&g=00000000000000000000000000000000000000000000000001&l=249-ruvvvvvfvtvnvv1vrvvvvfvvvvvvfvvvou20evvvvvvvvvvvvvvs&s=1420070400000&e=1420070400000&
Algeria,0.3%,64684,EIA,https://www.eia.gov/international/data/world/electricity/electricity-generation?pd=2&p=000000000000000000000000000009&u=0&f=A&v=mapbubble&a=-&i=none&vo=value&t=C&g=00000000000000000000000000000000000000000000000001&l=249-ruvvvvvfvtvnvv1vrvvvvfvvvvvvfvvvou20evvvvvvvvvvvvvvs&s=1420070400000&e=1420070400000&
Angola,54.5%,9438,EIA,https://www.eia.gov/international/data/world/electricity/electricity-generation?pd=2&p=000000000000000000000000000009&u=0&f=A&v=mapbubble&a=-&i=none&vo=value&t=C&g=00000000000000000000000000000000000000000000000001&l=249-ruvvvvvfvtvnvv1vrvvvvfvvvvvvfvvvou20evvvvvvvvvvvvvvs&s=1420070400000&e=1420070400000&
Argentina,30.7%,136466,EIA,https://www.eia.gov/international/data/world/electricity/electricity-generation?pd=2&p=000000000000000000000000000009&u=0&f=A&v=mapbubble&a=-&i=none&vo=value&t=C&g=00000000000000000000000000000000000000000000000001&l=249-ruvvvvvfvtvnvv1vrvvvvfvvvvvvfvvvou20evvvvvvvvvvvvvvs&s=1420070400000&e=1420070400000&
Armenia,29.6%,7392,EIA,https://www.eia.gov/international/data/world/electricity/electricity-generation?pd=2&p=000000000000000000000000000009&u=0&f=A&v=mapbubble&a=-&i=none&vo=value&t=C&g=00000000000000000000000000000000000000000000000001&l=249-ruvvvvvfvtvnvv1vrvvvvfvvvvvvfvvvou20evvvvvvvvvvvvvvs&s=1420070400000&e=1420070400000&
Aruba,17.8%,973,EIA,https://www.eia.gov/international/data/world/electricity/electricity-generation?pd=2&p=000000000000000000000000000009&u=0&f=A&v=mapbubble&a=-&i=none&vo=value&t=C&g=00000000000000000000000000000000000000000000000001&l=249-ruvvvvvfvtvnvv1vrvvvvfvvvvvvfvvvou20evvvvvvvvvvvvvvs&s=1420070400000&e=1420070400000&
Australia,14.4%,239145,EIA,https://www.eia.gov/international/data/world/electricity/electricity-generation?pd=2&p=000000000000000000000000000009&u=0&f=A&v=mapbubble&a=-&i=none&vo=value&t=C&g=00000000000000000000000000000000000000000000000001&l=249-ruvvvvvfvtvnvv1vrvvvvfvvvvvvfvvvou20evvvvvvvvvvvvvvs&s=1420070400000&e=1420070400000&
Austria,80.0%,56940,EIA,https://www.eia.gov/international/data/world/electricity/electricity-generation?pd=2&p=000000000000000000000000000009&u=0&f=A&v=mapbubble&a=-&i=none&vo=value&t=C&g=00000000000000000000000000000000000000000000000001&l=249-ruvvvvvfvtvnvv1vrvvvvfvvvvvvfvvvou20evvvvvvvvvvvvvvs&s=1420070400000&e=1420070400000&
Azerbaijan,7.8%,23300,EIA,https://www.eia.gov/international/data/world/electricity/electricity-generation?pd=2&p=000000000000000000000000000009&u=0&f=A&v=mapbubble&a=-&i=none&vo=value&t=C&g=00000000000000000000000000000000000000000000000001&l=249-ruvvvvvfvtvnvv1vrvvvvfvvvvvvfvvvou20evvvvvvvvvvvvvvs&s=1420070400000&e=1420070400000&
Bahrain,0.0%,26776,EIA,https://www.eia.gov/international/data/world/electricity/electricity-generation?pd=2&p=000000000000000000000000000009&u=0&f=A&v=mapbubble&a=-&i=none&vo=value&t=C&g=00000000000000000000000000000000000000000000000001&l=249-ruvvvvvfvtvnvv1vrvvvvfvvvvvvfvvvou20evvvvvvvvvvvvvvs&s=1420070400000&e=1420070400000&
Bangladesh,1.3%,55504,EIA,https://www.eia.gov/international/data/world/electricity/electricity-generation?pd=2&p=000000000000000000000000000009&u=0&f=A&v=mapbubble&a=-&i=none&vo=value&t=C&g=00000000000000000000000000000000000000000000000001&l=249-ruvvvvvfvtvnvv1vrvvvvfvvvvvvfvvvou20evvvvvvvvvvvvvvs&s=1420070400000&e=1420070400000&
Belarus,1.0%,32056,EIA,https://www.eia.gov/international/data/world/electricity/electricity-generation?pd=2&p=000000000000000000000000000009&u=0&f=A&v=mapbubble&a=-&i=none&vo=value&t=C&g=00000000000000000000000000000000000000000000000001&l=249-ruvvvvvfvtvnvv1vrvvvvfvvvvvvfvvvou20evvvvvvvvvvvvvvs&s=1420070400000&e=1420070400000&
Belgium,23.8%,65713,EIA,https://www.eia.gov/international/data/world/electricity/electricity-generation?pd=2&p=000000000000000000000000000009&u=0&f=A&v=mapbubble&a=-&i=none&vo=value&t=C&g=00000000000000000000000000000000000000000000000001&l=249-ruvvvvvfvtvnvv1vrvvvvfvvvvvvfvvvou20evvvvvvvvvvvvvvs&s=1420070400000&e=1420070400000&
Belize,95.2%,248,EIA,https://www.eia.gov/international/data/world/electricity/electricity-generation?pd=2&p=000000000000000000000000000009&u=0&f=A&v=mapbubble&a=-&i=none&vo=value&t=C&g=00000000000000000000000000000000000000000000000001&l=249-ruvvvvvfvtvnvv1vrvvvvfvvvvvvfvvvou20evvvvvvvvvvvvvvs&s=1420070400000&e=1420070400000&
Benin,2.6%,312,EIA,https://www.eia.gov/international/data/world/electricity/electricity-generation?pd=2&p=000000000000000000000000000009&u=0&f=A&v=mapbubble&a=-&i=none&vo=value&t=C&g=00000000000000000000000000000000000000000000000001&l=249-ruvvvvvfvtvnvv1vrvvvvfvvvvvvfvvvou20evvvvvvvvvvvvvvs&s=1420070400000&e=1420070400000&
Bhutan,100.0%,7732,EIA,https://www.eia.gov/international/data/world/electricity/electricity-generation?pd=2&p=000000000000000000000000000009&u=0&f=A&v=mapbubble&a=-&i=none&vo=value&t=C&g=00000000000000000000000000000000000000000000000001&l=249-ruvvvvvfvtvnvv1vrvvvvfvvvvvvfvvvou20evvvvvvvvvvvvvvs&s=1420070400000&e=1420070400000&
Bolivia,32.5%,8151,EIA,https://www.eia.gov/international/data/world/electricity/electricity-generation?pd=2&p=000000000000000000000000000009&u=0&f=A&v=mapbubble&a=-&i=none&vo=value&t=C&g=00000000000000000000000000000000000000000000000001&l=249-ruvvvvvfvtvnvv1vrvvvvfvvvvvvfvvvou20evvvvvvvvvvvvvvs&s=1420070400000&e=1420070400000&
Bosnia & Herzegovina,36.7%,14969,EIA,https://www.eia.gov/international/data/world/electricity/electricity-generation?pd=2&p=000000000000000000000000000009&u=0&f=A&v=mapbubble&a=-&i=none&vo=value&t=C&g=00000000000000000000000000000000000000000000000001&l=249-ruvvvvvfvtvnvv1vrvvvvfvvvvvvfvvvou20evvvvvvvvvvvvvvs&s=1420070400000&e=1420070400000&
Botswana,0.0%,2789,EIA,https://www.eia.gov/international/data/world/electricity/electricity-generation?pd=2&p=000000000000000000000000000009&u=0&f=A&v=mapbubble&a=-&i=none&vo=value&t=C&g=00000000000000000000000000000000000000000000000001&l=249-ruvvvvvfvtvnvv1vrvvvvfvvvvvvfvvvou20evvvvvvvvvvvvvvs&s=1420070400000&e=1420070400000&
Brazil,75.0%,568650,EIA,https://www.eia.gov/international/data/world/electricity/electricity-generation?pd=2&p=000000000000000000000000000009&u=0&f=A&v=mapbubble&a=-&i=none&vo=value&t=C&g=00000000000000000000000000000000000000000000000001&l=249-ruvvvvvfvtvnvv1vrvvvvfvvvvvvfvvvou20evvvvvvvvvvvvvvs&s=1420070400000&e=1420070400000&
Brunei,0.1%,3948,EIA,https://www.eia.gov/international/data/world/electricity/electricity-generation?pd=2&p=000000000000000000000000000009&u=0&f=A&v=mapbubble&a=-&i=none&vo=value&t=C&g=00000000000000000000000000000000000000000000000001&l=249-ruvvvvvfvtvnvv1vrvvvvfvvvvvvfvvvou20evvvvvvvvvvvvvvs&s=1420070400000&e=1420070400000&
Bulgaria,18.8%,46267,EIA,https://www.eia.gov/international/data/world/electricity/electricity-generation?pd=2&p=000000000000000000000000000009&u=0&f=A&v=mapbubble&a=-&i=none&vo=value&t=C&g=00000000000000000000000000000000000000000000000001&l=249-ruvvvvvfvtvnvv1vrvvvvfvvvvvvfvvvou20evvvvvvvvvvvvvvs&s=1420070400000&e=1420070400000&
Burkina Faso,9.9%,944,EIA,https://www.eia.gov/international/data/world/electricity/electricity-generation?pd=2&p=000000000000000000000000000009&u=0&f=A&v=mapbubble&a=-&i=none&vo=value&t=C&g=00000000000000000000000000000000000000000000000001&l=249-ruvvvvvfvtvnvv1vrvvvvfvvvvvvfvvvou20evvvvvvvvvvvvvvs&s=1420070400000&e=1420070400000&
Burundi,87.0%,230,EIA,https://www.eia.gov/international/data/world/electricity/electricity-generation?pd=2&p=000000000000000000000000000009&u=0&f=A&v=mapbubble&a=-&i=none&vo=value&t=C&g=00000000000000000000000000000000000000000000000001&l=249-ruvvvvvfvtvnvv1vrvvvvfvvvvvvfvvvou20evvvvvvvvvvvvvvs&s=1420070400000&e=1420070400000&
Cambodia,47.7%,4236,EIA,https://www.eia.gov/international/data/world/electricity/electricity-generation?pd=2&p=000000000000000000000000000009&u=0&f=A&v=mapbubble&a=-&i=none&vo=value&t=C&g=00000000000000000000000000000000000000000000000001&l=249-ruvvvvvfvtvnvv1vrvvvvfvvvvvvfvvvou20evvvvvvvvvvvvvvs&s=1420070400000&e=1420070400000&
Cameroon,77.0%,6610,EIA,https://www.eia.gov/international/data/world/electricity/electricity-generation?pd=2&p=000000000000000000000000000009&u=0&f=A&v=mapbubble&a=-&i=none&vo=value&t=C&g=00000000000000000000000000000000000000000000000001&l=249-ruvvvvvfvtvnvv1vrvvvvfvvvvvvfvvvou20evvvvvvvvvvvvvvs&s=1420070400000&e=1420070400000&
Canada,64.7%,647045,EIA,https://www.eia.gov/international/data/world/electricity/electricity-generation?pd=2&p=000000000000000000000000000009&u=0&f=A&v=mapbubble&a=-&i=none&vo=value&t=C&g=00000000000000000000000000000000000000000000000001&l=249-ruvvvvvfvtvnvv1vrvvvvfvvvvvvfvvvou20evvvvvvvvvvvvvvs&s=1420070400000&e=1420070400000&
Cape Verde,30.7%,462,EIA,https://www.eia.gov/international/data/world/electricity/electricity-generation?pd=2&p=000000000000000000000000000009&u=0&f=A&v=mapbubble&a=-&i=none&vo=value&t=C&g=00000000000000000000000000000000000000000000000001&l=249-ruvvvvvfvtvnvv1vrvvvvfvvvvvvfvvvou20evvvvvvvvvvvvvvs&s=1420070400000&e=1420070400000&
Central African Republic,86.2%,174,EIA,https://www.eia.gov/international/data/world/electricity/electricity-generation?pd=2&p=000000000000000000000000000009&u=0&f=A&v=mapbubble&a=-&i=none&vo=value&t=C&g=00000000000000000000000000000000000000000000000001&l=249-ruvvvvvfvtvnvv1vrvvvvfvvvvvvfvvvou20evvvvvvvvvvvvvvs&s=1420070400000&e=1420070400000&
Chile,44.7%,72332,EIA,https://www.eia.gov/international/data/world/electricity/electricity-generation?pd=2&p=000000000000000000000000000009&u=0&f=A&v=mapbubble&a=-&i=none&vo=value&t=C&g=00000000000000000000000000000000000000000000000001&l=249-ruvvvvvfvtvnvv1vrvvvvfvvvvvvfvvvou20evvvvvvvvvvvvvvs&s=1420070400000&e=1420070400000&
China,25.0%,5581739,EIA,https://www.eia.gov/international/data/world/electricity/electricity-generation?pd=2&p=000000000000000000000000000009&u=0&f=A&v=mapbubble&a=-&i=none&vo=value&t=C&g=00000000000000000000000000000000000000000000000001&l=249-ruvvvvvfvtvnvv1vrvvvvfvvvvvvfvvvou20evvvvvvvvvvvvvvs&s=1420070400000&e=1420070400000&
Colombia,69.4%,67256,EIA,https://www.eia.gov/international/data/world/electricity/electricity-generation?pd=2&p=000000000000000000000000000009&u=0&f=A&v=mapbubble&a=-&i=none&vo=value&t=C&g=00000000000000000000000000000000000000000000000001&l=249-ruvvvvvfvtvnvv1vrvvvvfvvvvvvfvvvou20evvvvvvvvvvvvvvs&s=1420070400000&e=1420070400000&
Comoros,3.7%,54,EIA,https://www.eia.gov/international/data/world/electricity/electricity-generation?pd=2&p=000000000000000000000000000009&u=0&f=A&v=mapbubble&a=-&i=none&vo=value&t=C&g=00000000000000000000000000000000000000000000000001&l=249-ruvvvvvfvtvnvv1vrvvvvfvvvvvvfvvvou20evvvvvvvvvvvvvvs&s=1420070400000&e=1420070400000&
Congo (Brazzaville),54.6%,1676,EIA,https://www.eia.gov/international/data/world/electricity/electricity-generation?pd=2&p=000000000000000000000000000009&u=0&f=A&v=mapbubble&a=-&i=none&vo=value&t=C&g=00000000000000000000000000000000000000000000000001&l=249-ruvvvvvfvtvnvv1vrvvvvfvvvvvvfvvvou20evvvvvvvvvvvvvvs&s=1420070400000&e=1420070400000&
Congo (Kinshasa),99.8%,8852,EIA,https://www.eia.gov/international/data/world/electricity/electricity-generation?pd=2&p=000000000000000000000000000009&u=0&f=A&v=mapbubble&a=-&i=none&vo=value&t=C&g=00000000000000000000000000000000000000000000000001&l=249-ruvvvvvfvtvnvv1vrvvvvfvvvvvvfvvvou20evvvvvvvvvvvvvvs&s=1420070400000&e=1420070400000&
Costa Rica,99.1%,10725,EIA,https://www.eia.gov/international/data/world/electricity/electricity-generation?pd=2&p=000000000000000000000000000009&u=0&f=A&v=mapbubble&a=-&i=none&vo=value&t=C&g=00000000000000000000000000000000000000000000000001&l=249-ruvvvvvfvtvnvv1vrvvvvfvvvvvvfvvvou20evvvvvvvvvvvvvvs&s=1420070400000&e=1420070400000&
Croatia,68.5%,10886,EIA,https://www.eia.gov/international/data/world/electricity/electricity-generation?pd=2&p=000000000000000000000000000009&u=0&f=A&v=mapbubble&a=-&i=none&vo=value&t=C&g=00000000000000000000000000000000000000000000000001&l=249-ruvvvvvfvtvnvv1vrvvvvfvvvvvvfvvvou20evvvvvvvvvvvvvvs&s=1420070400000&e=1420070400000&
Cuba,4.2%,19119,EIA,https://www.eia.gov/international/data/world/electricity/electricity-generation?pd=2&p=000000000000000000000000000009&u=0&f=A&v=mapbubble&a=-&i=none&vo=value&t=C&g=00000000000000000000000000000000000000000000000001&l=249-ruvvvvvfvtvnvv1vrvvvvfvvvvvvfvvvou20evvvvvvvvvvvvvvs&s=1420070400000&e=1420070400000&
Cyprus,9.2%,4283,EIA,https://www.eia.gov/international/data/world/electricity/electricity-generation?pd=2&p=000000000000000000000000000009&u=0&f=A&v=mapbubble&a=-&i=none&vo=value&t=C&g=00000000000000000000000000000000000000000000000001&l=249-ruvvvvvfvtvnvv1vrvvvvfvvvvvvfvvvou20evvvvvvvvvvvvvvs&s=1420070400000&e=1420070400000&
Czech Republic,12.1%,77830,EIA,https://www.eia.gov/international/data/world/electricity/electricity-generation?pd=2&p=000000000000000000000000000009&u=0&f=A&v=mapbubble&a=-&i=none&vo=value&t=C&g=00000000000000000000000000000000000000000000000001&l=249-ruvvvvvfvtvnvv1vrvvvvfvvvvvvfvvvou20evvvvvvvvvvvvvvs&s=1420070400000&e=1420070400000&
Denmark,69.4%,28393,EIA,https://www.eia.gov/international/data/world/electricity/electricity-generation?pd=2&p=000000000000000000000000000009&u=0&f=A&v=mapbubble&a=-&i=none&vo=value&t=C&g=00000000000000000000000000000000000000000000000001&l=249-ruvvvvvfvtvnvv1vrvvvvfvvvvvvfvvvou20evvvvvvvvvvvvvvs&s=1420070400000&e=1420070400000&
Dominica,25.5%,94,EIA,https://www.eia.gov/international/data/world/electricity/electricity-generation?pd=2&p=000000000000000000000000000009&u=0&f=A&v=mapbubble&a=-&i=none&vo=value&t=C&g=00000000000000000000000000000000000000000000000001&l=249-ruvvvvvfvtvnvv1vrvvvvfvvvvvvfvvvou20evvvvvvvvvvvvvvs&s=1420070400000&e=1420070400000&
Dominican Republic,12.2%,15644,EIA,https://www.eia.gov/international/data/world/electricity/electricity-generation?pd=2&p=000000000000000000000000000009&u=0&f=A&v=mapbubble&a=-&i=none&vo=value&t=C&g=00000000000000000000000000000000000000000000000001&l=249-ruvvvvvfvtvnvv1vrvvvvfvvvvvvfvvvou20evvvvvvvvvvvvvvs&s=1420070400000&e=1420070400000&
Ecuador,54.1%,24973,EIA,https://www.eia.gov/international/data/world/electricity/electricity-generation?pd=2&p=000000000000000000000000000009&u=0&f=A&v=mapbubble&a=-&i=none&vo=value&t=C&g=00000000000000000000000000000000000000000000000001&l=249-ruvvvvvfvtvnvv1vrvvvvfvvvvvvfvvvou20evvvvvvvvvvvvvvs&s=1420070400000&e=1420070400000&
Egypt,8.7%,171826,EIA,https://www.eia.gov/international/data/world/electricity/electricity-generation?pd=2&p=000000000000000000000000000009&u=0&f=A&v=mapbubble&a=-&i=none&vo=value&t=C&g=00000000000000000000000000000000000000000000000001&l=249-ruvvvvvfvtvnvv1vrvvvvfvvvvvvfvvvou20evvvvvvvvvvvvvvs&s=1420070400000&e=1420070400000&
El Salvador,58.4%,5918,EIA,https://www.eia.gov/international/data/world/electricity/electricity-generation?pd=2&p=000000000000000000000000000009&u=0&f=A&v=mapbubble&a=-&i=none&vo=value&t=C&g=00000000000000000000000000000000000000000000000001&l=249-ruvvvvvfvtvnvv1vrvvvvfvvvvvvfvvvou20evvvvvvvvvvvvvvs&s=1420070400000&e=1420070400000&
Equatorial Guinea,45.9%,425,EIA,https://www.eia.gov/international/data/world/electricity/electricity-generation?pd=2&p=000000000000000000000000000009&u=0&f=A&v=mapbubble&a=-&i=none&vo=value&t=C&g=00000000000000000000000000000000000000000000000001&l=249-ruvvvvvfvtvnvv1vrvvvvfvvvvvvfvvvou20evvvvvvvvvvvvvvs&s=1420070400000&e=1420070400000&
Eritrea,1.0%,384,EIA,https://www.eia.gov/international/data/world/electricity/electricity-generation?pd=2&p=000000000000000000000000000009&u=0&f=A&v=mapbubble&a=-&i=none&vo=value&t=C&g=00000000000000000000000000000000000000000000000001&l=249-ruvvvvvfvtvnvv1vrvvvvfvvvvvvfvvvou20evvvvvvvvvvvvvvs&s=1420070400000&e=1420070400000&
Estonia,16.5%,9890,EIA,https://www.eia.gov/international/data/world/electricity/electricity-generation?pd=2&p=000000000000000000000000000009&u=0&f=A&v=mapbubble&a=-&i=none&vo=value&t=C&g=00000000000000000000000000000000000000000000000001&l=249-ruvvvvvfvtvnvv1vrvvvvfvvvvvvfvvvou20evvvvvvvvvvvvvvs&s=1420070400000&e=1420070400000&
Ethiopia,100.0%,10341,EIA,https://www.eia.gov/international/data/world/electricity/electricity-generation?pd=2&p=000000000000000000000000000009&u=0&f=A&v=mapbubble&a=-&i=none&vo=value&t=C&g=00000000000000000000000000000000000000000000000001&l=249-ruvvvvvfvtvnvv1vrvvvvfvvvvvvfvvvou20evvvvvvvvvvvvvvs&s=1420070400000&e=1420070400000&
Falkland Islands,47.4%,19,EIA,https://www.eia.gov/international/data/world/electricity/electricity-generation?pd=2&p=000000000000000000000000000009&u=0&f=A&v=mapbubble&a=-&i=none&vo=value&t=C&g=00000000000000000000000000000000000000000000000001&l=249-ruvvvvvfvtvnvv1vrvvvvfvvvvvvfvvvou20evvvvvvvvvvvvvvs&s=1420070400000&e=1420070400000&
Faroe Islands,61.6%,307,EIA,https://www.eia.gov/international/data/world/electricity/electricity-generation?pd=2&p=000000000000000000000000000009&u=0&f=A&v=mapbubble&a=-&i=none&vo=value&t=C&g=00000000000000000000000000000000000000000000000001&l=249-ruvvvvvfvtvnvv1vrvvvvfvvvvvvfvvvou20evvvvvvvvvvvvvvs&s=1420070400000&e=1420070400000&
Fiji,46.2%,892,EIA,https://www.eia.gov/international/data/world/electricity/electricity-generation?pd=2&p=000000000000000000000000000009&u=0&f=A&v=mapbubble&a=-&i=none&vo=value&t=C&g=00000000000000000000000000000000000000000000000001&l=249-ruvvvvvfvtvnvv1vrvvvvfvvvvvvfvvvou20evvvvvvvvvvvvvvs&s=1420070400000&e=1420070400000&
Finland,46.3%,66394,EIA,https://www.eia.gov/international/data/world/electricity/electricity-generation?pd=2&p=000000000000000000000000000009&u=0&f=A&v=mapbubble&a=-&i=none&vo=value&t=C&g=00000000000000000000000000000000000000000000000001&l=249-ruvvvvvfvtvnvv1vrvvvvfvvvvvvfvvvou20evvvvvvvvvvvvvvs&s=1420070400000&e=1420070400000&
France,16.8%,540123,EIA,https://www.eia.gov/international/data/world/electricity/electricity-generation?pd=2&p=000000000000000000000000000009&u=0&f=A&v=mapbubble&a=-&i=none&vo=value&t=C&g=00000000000000000000000000000000000000000000000001&l=249-ruvvvvvfvtvnvv1vrvvvvfvvvvvvfvvvou20evvvvvvvvvvvvvvs&s=1420070400000&e=1420070400000&
French Guiana,59.0%,830,EIA,https://www.eia.gov/international/data/world/electricity/electricity-generation?pd=2&p=000000000000000000000000000009&u=0&f=A&v=mapbubble&a=-&i=none&vo=value&t=C&g=00000000000000000000000000000000000000000000000001&l=249-ruvvvvvfvtvnvv1vrvvvvfvvvvvvfvvvou20evvvvvvvvvvvvvvs&s=1420070400000&e=1420070400000&
French Polynesia,36.1%,626,EIA,https://www.eia.gov/international/data/world/electricity/electricity-generation?pd=2&p=000000000000000000000000000009&u=0&f=A&v=mapbubble&a=-&i=none&vo=value&t=C&g=00000000000000000000000000000000000000000000000001&l=249-ruvvvvvfvtvnvv1vrvvvvfvvvvvvfvvvou20evvvvvvvvvvvvvvs&s=1420070400000&e=1420070400000&
Gabon,45.0%,2045,EIA,https://www.eia.gov/international/data/world/electricity/electricity-generation?pd=2&p=000000000000000000000000000009&u=0&f=A&v=mapbubble&a=-&i=none&vo=value&t=C&g=00000000000000000000000000000000000000000000000001&l=249-ruvvvvvfvtvnvv1vrvvvvfvvvvvvfvvvou20evvvvvvvvvvvvvvs&s=1420070400000&e=1420070400000&
Georgia,78.9%,10605,EIA,https://www.eia.gov/international/data/world/electricity/electricity-generation?pd=2&p=000000000000000000000000000009&u=0&f=A&v=mapbubble&a=-&i=none&vo=value&t=C&g=00000000000000000000000000000000000000000000000001&l=249-ruvvvvvfvtvnvv1vrvvvvfvvvvvvfvvvou20evvvvvvvvvvvvvvs&s=1420070400000&e=1420070400000&
Germany,31.8%,610171,EIA,https://www.eia.gov/international/data/world/electricity/electricity-generation?pd=2&p=000000000000000000000000000009&u=0&f=A&v=mapbubble&a=-&i=none&vo=value&t=C&g=00000000000000000000000000000000000000000000000001&l=249-ruvvvvvfvtvnvv1vrvvvvfvvvvvvfvvvou20evvvvvvvvvvvvvvs&s=1420070400000&e=1420070400000&
Ghana,52.2%,11094,EIA,https://www.eia.gov/international/data/world/electricity/electricity-generation?pd=2&p=000000000000000000000000000009&u=0&f=A&v=mapbubble&a=-&i=none&vo=value&t=C&g=00000000000000000000000000000000000000000000000001&l=249-ruvvvvvfvtvnvv1vrvvvvfvvvvvvfvvvou20evvvvvvvvvvvvvvs&s=1420070400000&e=1420070400000&
Greece,29.7%,49272,EIA,https://www.eia.gov/international/data/world/electricity/electricity-generation?pd=2&p=000000000000000000000000000009&u=0&f=A&v=mapbubble&a=-&i=none&vo=value&t=C&g=00000000000000000000000000000000000000000000000001&l=249-ruvvvvvfvtvnvv1vrvvvvfvvvvvvfvvvou20evvvvvvvvvvvvvvs&s=1420070400000&e=1420070400000&
Greenland,67.7%,625,EIA,https://www.eia.gov/international/data/world/electricity/electricity-generation?pd=2&p=000000000000000000000000000009&u=0&f=A&v=mapbubble&a=-&i=none&vo=value&t=C&g=00000000000000000000000000000000000000000000000001&l=249-ruvvvvvfvtvnvv1vrvvvvfvvvvvvfvvvou20evvvvvvvvvvvvvvs&s=1420070400000&e=1420070400000&
Guadeloupe,3.4%,1527,EIA,https://www.eia.gov/international/data/world/electricity/electricity-generation?pd=2&p=000000000000000000000000000009&u=0&f=A&v=mapbubble&a=-&i=none&vo=value&t=C&g=00000000000000000000000000000000000000000000000001&l=249-ruvvvvvfvtvnvv1vrvvvvfvvvvvvfvvvou20evvvvvvvvvvvvvvs&s=1420070400000&e=1420070400000&
Guatemala,61.7%,10760,EIA,https://www.eia.gov/international/data/world/electricity/electricity-generation?pd=2&p=000000000000000000000000000009&u=0&f=A&v=mapbubble&a=-&i=none&vo=value&t=C&g=00000000000000000000000000000000000000000000000001&l=249-ruvvvvvfvtvnvv1vrvvvvfvvvvvvfvvvou20evvvvvvvvvvvvvvs&s=1420070400000&e=1420070400000&
Guinea,50.0%,1000,EIA,https://www.eia.gov/international/data/world/electricity/electricity-generation?pd=2&p=000000000000000000000000000009&u=0&f=A&v=mapbubble&a=-&i=none&vo=value&t=C&g=00000000000000000000000000000000000000000000000001&l=249-ruvvvvvfvtvnvv1vrvvvvfvvvvvvfvvvou20evvvvvvvvvvvvvvs&s=1420070400000&e=1420070400000&
Haiti,8.4%,980,EIA,https://www.eia.gov/international/data/world/electricity/electricity-generation?pd=2&p=000000000000000000000000000009&u=0&f=A&v=mapbubble&a=-&i=none&vo=value&t=C&g=00000000000000000000000000000000000000000000000001&l=249-ruvvvvvfvtvnvv1vrvvvvfvvvvvvfvvvou20evvvvvvvvvvvvvvs&s=1420070400000&e=1420070400000&
Honduras,43.6%,8632,EIA,https://www.eia.gov/international/data/world/electricity/electricity-generation?pd=2&p=000000000000000000000000000009&u=0&f=A&v=mapbubble&a=-&i=none&vo=value&t=C&g=00000000000000000000000000000000000000000000000001&l=249-ruvvvvvfvtvnvv1vrvvvvfvvvvvvfvvvou20evvvvvvvvvvvvvvs&s=1420070400000&e=1420070400000&
Hong Kong,0.3%,35755,EIA,https://www.eia.gov/international/data/world/electricity/electricity-generation?pd=2&p=000000000000000000000000000009&u=0&f=A&v=mapbubble&a=-&i=none&vo=value&t=C&g=00000000000000000000000000000000000000000000000001&l=249-ruvvvvvfvtvnvv1vrvvvvfvvvvvvfvvvou20evvvvvvvvvvvvvvs&s=1420070400000&e=1420070400000&
Hungary,11.6%,28708,EIA,https://www.eia.gov/international/data/world/electricity/electricity-generation?pd=2&p=000000000000000000000000000009&u=0&f=A&v=mapbubble&a=-&i=none&vo=value&t=C&g=00000000000000000000000000000000000000000000000001&l=249-ruvvvvvfvtvnvv1vrvvvvfvvvvvvfvvvou20evvvvvvvvvvvvvvs&s=1420070400000&e=1420070400000&
Iceland,100.0%,18558,EIA,https://www.eia.gov/international/data/world/electricity/electricity-generation?pd=2&p=000000000000000000000000000009&u=0&f=A&v=mapbubble&a=-&i=none&vo=value&t=C&g=00000000000000000000000000000000000000000000000001&l=249-ruvvvvvfvtvnvv1vrvvvvfvvvvvvfvvvou20evvvvvvvvvvvvvvs&s=1420070400000&e=1420070400000&
India,15.1%,1294503,EIA,https://www.eia.gov/international/data/world/electricity/electricity-generation?pd=2&p=000000000000000000000000000009&u=0&f=A&v=mapbubble&a=-&i=none&vo=value&t=C&g=00000000000000000000000000000000000000000000000001&l=249-ruvvvvvfvtvnvv1vrvvvvfvvvvvvfvvvou20evvvvvvvvvvvvvvs&s=1420070400000&e=1420070400000&
Indonesia,11.2%,221306,EIA,https://www.eia.gov/international/data/world/electricity/electricity-generation?pd=2&p=000000000000000000000000000009&u=0&f=A&v=mapbubble&a=-&i=none&vo=value&t=C&g=00000000000000000000000000000000000000000000000001&l=249-ruvvvvvfvtvnvv1vrvvvvfvvvvvvfvvvou20evvvvvvvvvvvvvvs&s=1420070400000&e=1420070400000&
Iran,5.4%,264971,EIA,https://www.eia.gov/international/data/world/electricity/electricity-generation?pd=2&p=000000000000000000000000000009&u=0&f=A&v=mapbubble&a=-&i=none&vo=value&t=C&g=00000000000000000000000000000000000000000000000001&l=249-ruvvvvvfvtvnvv1vrvvvvfvvvvvvfvvvou20evvvvvvvvvvvvvvs&s=1420070400000&e=1420070400000&
Iraq,3.9%,64915,EIA,https://www.eia.gov/international/data/world/electricity/electricity-generation?pd=2&p=000000000000000000000000000009&u=0&f=A&v=mapbubble&a=-&i=none&vo=value&t=C&g=00000000000000000000000000000000000000000000000001&l=249-ruvvvvvfvtvnvv1vrvvvvfvvvvvvfvvvou20evvvvvvvvvvvvvvs&s=1420070400000&e=1420070400000&
Ireland,29.7%,26638,EIA,https://www.eia.gov/international/data/world/electricity/electricity-generation?pd=2&p=000000000000000000000000000009&u=0&f=A&v=mapbubble&a=-&i=none&vo=value&t=C&g=00000000000000000000000000000000000000000000000001&l=249-ruvvvvvfvtvnvv1vrvvvvfvvvvvvfvvvou20evvvvvvvvvvvvvvs&s=1420070400000&e=1420070400000&
Israel,2.0%,60445,EIA,https://www.eia.gov/international/data/world/electricity/electricity-generation?pd=2&p=000000000000000000000000000009&u=0&f=A&v=mapbubble&a=-&i=none&vo=value&t=C&g=00000000000000000000000000000000000000000000000001&l=249-ruvvvvvfvtvnvv1vrvvvvfvvvvvvfvvvou20evvvvvvvvvvvvvvs&s=1420070400000&e=1420070400000&
Italy,40.9%,268939,EIA,https://www.eia.gov/international/data/world/electricity/electricity-generation?pd=2&p=000000000000000000000000000009&u=0&f=A&v=mapbubble&a=-&i=none&vo=value&t=C&g=00000000000000000000000000000000000000000000000001&l=249-ruvvvvvfvtvnvv1vrvvvvfvvvvvvfvvvou20evvvvvvvvvvvvvvs&s=1420070400000&e=1420070400000&
Ivory Coast,17.5%,8262,EIA,https://www.eia.gov/international/data/world/electricity/electricity-generation?pd=2&p=000000000000000000000000000009&u=0&f=A&v=mapbubble&a=-&i=none&vo=value&t=C&g=00000000000000000000000000000000000000000000000001&l=249-ruvvvvvfvtvnvv1vrvvvvfvvvvvvfvvvou20evvvvvvvvvvvvvvs&s=1420070400000&e=1420070400000&
Jamaica,10.8%,3899,EIA,https://www.eia.gov/international/data/world/electricity/electricity-generation?pd=2&p=000000000000000000000000000009&u=0&f=A&v=mapbubble&a=-&i=none&vo=value&t=C&g=00000000000000000000000000000000000000000000000001&l=249-ruvvvvvfvtvnvv1vrvvvvfvvvvvvfvvvou20evvvvvvvvvvvvvvs&s=1420070400000&e=1420070400000&
Japan,17.4%,976393,EIA,https://www.eia.gov/international/data/world/electricity/electricity-generation?pd=2&p=000000000000000000000000000009&u=0&f=A&v=mapbubble&a=-&i=none&vo=value&t=C&g=00000000000000000000000000000000000000000000000001&l=249-ruvvvvvfvtvnvv1vrvvvvfvvvvvvfvvvou20evvvvvvvvvvvvvvs&s=1420070400000&e=1420070400000&
Jordan,1.0%,17883,EIA,https://www.eia.gov/international/data/world/electricity/electricity-generation?pd=2&p=000000000000000000000000000009&u=0&f=A&v=mapbubble&a=-&i=none&vo=value&t=C&g=00000000000000000000000000000000000000000000000001&l=249-ruvvvvvfvtvnvv1vrvvvvfvvvvvvfvvvou20evvvvvvvvvvvvvvs&s=1420070400000&e=1420070400000&
Kazakhstan,9.3%,100557,EIA,https://www.eia.gov/international/data/world/electricity/electricity-generation?pd=2&p=000000000000000000000000000009&u=0&f=A&v=mapbubble&a=-&i=none&vo=value&t=C&g=00000000000000000000000000000000000000000000000001&l=249-ruvvvvvfvtvnvv1vrvvvvfvvvvvvfvvvou20evvvvvvvvvvvvvvs&s=1420070400000&e=1420070400000&
Kenya,88.2%,9568,EIA,https://www.eia.gov/international/data/world/electricity/electricity-generation?pd=2&p=000000000000000000000000000009&u=0&f=A&v=mapbubble&a=-&i=none&vo=value&t=C&g=00000000000000000000000000000000000000000000000001&l=249-ruvvvvvfvtvnvv1vrvvvvfvvvvvvfvvvou20evvvvvvvvvvvvvvs&s=1420070400000&e=1420070400000&
"Korea, North",73.8%,13413,EIA,https://www.eia.gov/international/data/world/electricity/electricity-generation?pd=2&p=000000000000000000000000000009&u=0&f=A&v=mapbubble&a=-&i=none&vo=value&t=C&g=00000000000000000000000000000000000000000000000001&l=249-ruvvvvvfvtvnvv1vrvvvvfvvvvvvfvvvou20evvvvvvvvvvvvvvs&s=1420070400000&e=1420070400000&
"Korea, South",2.1%,516545,EIA,https://www.eia.gov/international/data/world/electricity/electricity-generation?pd=2&p=000000000000000000000000000009&u=0&f=A&v=mapbubble&a=-&i=none&vo=value&t=C&g=00000000000000000000000000000000000000000000000001&l=249-ruvvvvvfvtvnvv1vrvvvvfvvvvvvfvvvou20evvvvvvvvvvvvvvs&s=1420070400000&e=1420070400000&
Kosovo,2.4%,5759,EIA,https://www.eia.gov/international/data/world/electricity/electricity-generation?pd=2&p=000000000000000000000000000009&u=0&f=A&v=mapbubble&a=-&i=none&vo=value&t=C&g=00000000000000000000000000000000000000000000000001&l=249-ruvvvvvfvtvnvv1vrvvvvfvvvvvvfvvvou20evvvvvvvvvvvvvvs&s=1420070400000&e=1420070400000&
Kyrgyzstan,85.8%,12803,EIA,https://www.eia.gov/international/data/world/electricity/electricity-generation?pd=2&p=000000000000000000000000000009&u=0&f=A&v=mapbubble&a=-&i=none&vo=value&t=C&g=00000000000000000000000000000000000000000000000001&l=249-ruvvvvvfvtvnvv1vrvvvvfvvvvvvfvvvou20evvvvvvvvvvvvvvs&s=1420070400000&e=1420070400000&
Laos,96.5%,11460,EIA,https://www.eia.gov/international/data/world/electricity/electricity-generation?pd=2&p=000000000000000000000000000009&u=0&f=A&v=mapbubble&a=-&i=none&vo=value&t=C&g=00000000000000000000000000000000000000000000000001&l=249-ruvvvvvfvtvnvv1vrvvvvfvvvvvvfvvvou20evvvvvvvvvvvvvvs&s=1420070400000&e=1420070400000&
Latvia,51.5%,5349,EIA,https://www.eia.gov/international/data/world/electricity/electricity-generation?pd=2&p=000000000000000000000000000009&u=0&f=A&v=mapbubble&a=-&i=none&vo=value&t=C&g=00000000000000000000000000000000000000000000000001&l=249-ruvvvvvfvtvnvv1vrvvvvfvvvvvvfvvvou20evvvvvvvvvvvvvvs&s=1420070400000&e=1420070400000&
Lebanon,2.8%,17322,EIA,https://www.eia.gov/international/data/world/electricity/electricity-generation?pd=2&p=000000000000000000000000000009&u=0&f=A&v=mapbubble&a=-&i=none&vo=value&t=C&g=00000000000000000000000000000000000000000000000001&l=249-ruvvvvvfvtvnvv1vrvvvvfvvvvvvfvvvou20evvvvvvvvvvvvvvs&s=1420070400000&e=1420070400000&
Lesotho,100.0%,600,EIA,https://www.eia.gov/international/data/world/electricity/electricity-generation?pd=2&p=000000000000000000000000000009&u=0&f=A&v=mapbubble&a=-&i=none&vo=value&t=C&g=00000000000000000000000000000000000000000000000001&l=249-ruvvvvvfvtvnvv1vrvvvvfvvvvvvfvvvou20evvvvvvvvvvvvvvs&s=1420070400000&e=1420070400000&
Lithuania,48.1%,3603,EIA,https://www.eia.gov/international/data/world/electricity/electricity-generation?pd=2&p=000000000000000000000000000009&u=0&f=A&v=mapbubble&a=-&i=none&vo=value&t=C&g=00000000000000000000000000000000000000000000000001&l=249-ruvvvvvfvtvnvv1vrvvvvfvvvvvvfvvvou20evvvvvvvvvvvvvvs&s=1420070400000&e=1420070400000&
Luxembourg,65.1%,757,EIA,https://www.eia.gov/international/data/world/electricity/electricity-generation?pd=2&p=000000000000000000000000000009&u=0&f=A&v=mapbubble&a=-&i=none&vo=value&t=C&g=00000000000000000000000000000000000000000000000001&l=249-ruvvvvvfvtvnvv1vrvvvvfvvvvvvfvvvou20evvvvvvvvvvvvvvs&s=1420070400000&e=1420070400000&
Macedonia,32.7%,6073,EIA,https://www.eia.gov/international/data/world/electricity/electricity-generation?pd=2&p=000000000000000000000000000009&u=0&f=A&v=mapbubble&a=-&i=none&vo=value&t=C&g=00000000000000000000000000000000000000000000000001&l=249-ruvvvvvfvtvnvv1vrvvvvfvvvvvvfvvvou20evvvvvvvvvvvvvvs&s=1420070400000&e=1420070400000&
Madagascar,59.7%,1508,EIA,https://www.eia.gov/international/data/world/electricity/electricity-generation?pd=2&p=000000000000000000000000000009&u=0&f=A&v=mapbubble&a=-&i=none&vo=value&t=C&g=00000000000000000000000000000000000000000000000001&l=249-ruvvvvvfvtvnvv1vrvvvvfvvvvvvfvvvou20evvvvvvvvvvvvvvs&s=1420070400000&e=1420070400000&
Malawi,99.1%,2120,EIA,https://www.eia.gov/international/data/world/electricity/electricity-generation?pd=2&p=000000000000000000000000000009&u=0&f=A&v=mapbubble&a=-&i=none&vo=value&t=C&g=00000000000000000000000000000000000000000000000001&l=249-ruvvvvvfvtvnvv1vrvvvvfvvvvvvfvvvou20evvvvvvvvvvvvvvs&s=1420070400000&e=1420070400000&
Malaysia,10.4%,141871,EIA,https://www.eia.gov/international/data/world/electricity/electricity-generation?pd=2&p=000000000000000000000000000009&u=0&f=A&v=mapbubble&a=-&i=none&vo=value&t=C&g=00000000000000000000000000000000000000000000000001&l=249-ruvvvvvfvtvnvv1vrvvvvfvvvvvvfvvvou20evvvvvvvvvvvvvvs&s=1420070400000&e=1420070400000&
Mali,54.0%,2175,EIA,https://www.eia.gov/international/data/world/electricity/electricity-generation?pd=2&p=000000000000000000000000000009&u=0&f=A&v=mapbubble&a=-&i=none&vo=value&t=C&g=00000000000000000000000000000000000000000000000001&l=249-ruvvvvvfvtvnvv1vrvvvvfvvvvvvfvvvou20evvvvvvvvvvvvvvs&s=1420070400000&e=1420070400000&
Malta,7.9%,1228,EIA,https://www.eia.gov/international/data/world/electricity/electricity-generation?pd=2&p=000000000000000000000000000009&u=0&f=A&v=mapbubble&a=-&i=none&vo=value&t=C&g=00000000000000000000000000000000000000000000000001&l=249-ruvvvvvfvtvnvv1vrvvvvfvvvvvvfvvvou20evvvvvvvvvvvvvvs&s=1420070400000&e=1420070400000&
Martinique,0.1%,1602,EIA,https://www.eia.gov/international/data/world/electricity/electricity-generation?pd=2&p=000000000000000000000000000009&u=0&f=A&v=mapbubble&a=-&i=none&vo=value&t=C&g=00000000000000000000000000000000000000000000000001&l=249-ruvvvvvfvtvnvv1vrvvvvfvvvvvvfvvvou20evvvvvvvvvvvvvvs&s=1420070400000&e=1420070400000&
Mauritania,23.6%,1282,EIA,https://www.eia.gov/international/data/world/electricity/electricity-generation?pd=2&p=000000000000000000000000000009&u=0&f=A&v=mapbubble&a=-&i=none&vo=value&t=C&g=00000000000000000000000000000000000000000000000001&l=249-ruvvvvvfvtvnvv1vrvvvvfvvvvvvfvvvou20evvvvvvvvvvvvvvs&s=1420070400000&e=1420070400000&
Mauritius,23.8%,2857,EIA,https://www.eia.gov/international/data/world/electricity/electricity-generation?pd=2&p=000000000000000000000000000009&u=0&f=A&v=mapbubble&a=-&i=none&vo=value&t=C&g=00000000000000000000000000000000000000000000000001&l=249-ruvvvvvfvtvnvv1vrvvvvfvvvvvvfvvvou20evvvvvvvvvvvvvvs&s=1420070400000&e=1420070400000&
Mexico,16.0%,294818,EIA,https://www.eia.gov/international/data/world/electricity/electricity-generation?pd=2&p=000000000000000000000000000009&u=0&f=A&v=mapbubble&a=-&i=none&vo=value&t=C&g=00000000000000000000000000000000000000000000000001&l=249-ruvvvvvfvtvnvv1vrvvvvfvvvvvvfvvvou20evvvvvvvvvvvvvvs&s=1420070400000&e=1420070400000&
Moldova,5.6%,5742,EIA,https://www.eia.gov/international/data/world/electricity/electricity-generation?pd=2&p=000000000000000000000000000009&u=0&f=A&v=mapbubble&a=-&i=none&vo=value&t=C&g=00000000000000000000000000000000000000000000000001&l=249-ruvvvvvfvtvnvv1vrvvvvfvvvvvvfvvvou20evvvvvvvvvvvvvvs&s=1420070400000&e=1420070400000&
Mongolia,3.3%,5192,EIA,https://www.eia.gov/international/data/world/electricity/electricity-generation?pd=2&p=000000000000000000000000000009&u=0&f=A&v=mapbubble&a=-&i=none&vo=value&t=C&g=00000000000000000000000000000000000000000000000001&l=249-ruvvvvvfvtvnvv1vrvvvvfvvvvvvfvvvou20evvvvvvvvvvvvvvs&s=1420070400000&e=1420070400000&
Montenegro,50.9%,2897,EIA,https://www.eia.gov/international/data/world/electricity/electricity-generation?pd=2&p=000000000000000000000000000009&u=0&f=A&v=mapbubble&a=-&i=none&vo=value&t=C&g=00000000000000000000000000000000000000000000000001&l=249-ruvvvvvfvtvnvv1vrvvvvfvvvvvvfvvvou20evvvvvvvvvvvvvvs&s=1420070400000&e=1420070400000&
Morocco,15.7%,27967,EIA,https://www.eia.gov/international/data/world/electricity/electricity-generation?pd=2&p=000000000000000000000000000009&u=0&f=A&v=mapbubble&a=-&i=none&vo=value&t=C&g=00000000000000000000000000000000000000000000000001&l=249-ruvvvvvfvtvnvv1vrvvvvfvvvvvvfvvvou20evvvvvvvvvvvvvvs&s=1420070400000&e=1420070400000&
Mozambique,87.0%,19579,EIA,https://www.eia.gov/international/data/world/electricity/electricity-generation?pd=2&p=000000000000000000000000000009&u=0&f=A&v=mapbubble&a=-&i=none&vo=value&t=C&g=00000000000000000000000000000000000000000000000001&l=249-ruvvvvvfvtvnvv1vrvvvvfvvvvvvfvvvou20evvvvvvvvvvvvvvs&s=1420070400000&e=1420070400000&
Myanmar,60.1%,15482,EIA,https://www.eia.gov/international/data/world/electricity/electricity-generation?pd=2&p=000000000000000000000000000009&u=0&f=A&v=mapbubble&a=-&i=none&vo=value&t=C&g=00000000000000000000000000000000000000000000000001&l=249-ruvvvvvfvtvnvv1vrvvvvfvvvvvvfvvvou20evvvvvvvvvvvvvvs&s=1420070400000&e=1420070400000&
Namibia,97.9%,1519,EIA,https://www.eia.gov/international/data/world/electricity/electricity-generation?pd=2&p=000000000000000000000000000009&u=0&f=A&v=mapbubble&a=-&i=none&vo=value&t=C&g=00000000000000000000000000000000000000000000000001&l=249-ruvvvvvfvtvnvv1vrvvvvfvvvvvvfvvvou20evvvvvvvvvvvvvvs&s=1420070400000&e=1420070400000&
Nepal,100.0%,3493,EIA,https://www.eia.gov/international/data/world/electricity/electricity-generation?pd=2&p=000000000000000000000000000009&u=0&f=A&v=mapbubble&a=-&i=none&vo=value&t=C&g=00000000000000000000000000000000000000000000000001&l=249-ruvvvvvfvtvnvv1vrvvvvfvvvvvvfvvvou20evvvvvvvvvvvvvvs&s=1420070400000&e=1420070400000&
Netherlands,14.7%,104274,EIA,https://www.eia.gov/international/data/world/electricity/electricity-generation?pd=2&p=000000000000000000000000000009&u=0&f=A&v=mapbubble&a=-&i=none&vo=value&t=C&g=00000000000000000000000000000000000000000000000001&l=249-ruvvvvvfvtvnvv1vrvvvvfvvvvvvfvvvou20evvvvvvvvvvvvvvs&s=1420070400000&e=1420070400000&
Netherlands Antilles,20.0%,1000,EIA,https://www.eia.gov/international/data/world/electricity/electricity-generation?pd=2&p=000000000000000000000000000009&u=0&f=A&v=mapbubble&a=-&i=none&vo=value&t=C&g=00000000000000000000000000000000000000000000000001&l=249-ruvvvvvfvtvnvv1vrvvvvfvvvvvvfvvvou20evvvvvvvvvvvvvvs&s=1420070400000&e=1420070400000&
New Caledonia,14.4%,2814,EIA,https://www.eia.gov/international/data/world/electricity/electricity-generation?pd=2&p=000000000000000000000000000009&u=0&f=A&v=mapbubble&a=-&i=none&vo=value&t=C&g=00000000000000000000000000000000000000000000000001&l=249-ruvvvvvfvtvnvv1vrvvvvfvvvvvvfvvvou20evvvvvvvvvvvvvvs&s=1420070400000&e=1420070400000&
New Zealand,80.8%,42912,EIA,https://www.eia.gov/international/data/world/electricity/electricity-generation?pd=2&p=000000000000000000000000000009&u=0&f=A&v=mapbubble&a=-&i=none&vo=value&t=C&g=00000000000000000000000000000000000000000000000001&l=249-ruvvvvvfvtvnvv1vrvvvvfvvvvvvfvvvou20evvvvvvvvvvvvvvs&s=1420070400000&e=1420070400000&
Nicaragua,51.6%,4441,EIA,https://www.eia.gov/international/data/world/electricity/electricity-generation?pd=2&p=000000000000000000000000000009&u=0&f=A&v=mapbubble&a=-&i=none&vo=value&t=C&g=00000000000000000000000000000000000000000000000001&l=249-ruvvvvvfvtvnvv1vrvvvvfvvvvvvfvvvou20evvvvvvvvvvvvvvs&s=1420070400000&e=1420070400000&
Niger,0.8%,499,EIA,https://www.eia.gov/international/data/world/electricity/electricity-generation?pd=2&p=000000000000000000000000000009&u=0&f=A&v=mapbubble&a=-&i=none&vo=value&t=C&g=00000000000000000000000000000000000000000000000001&l=249-ruvvvvvfvtvnvv1vrvvvvfvvvvvvfvvvou20evvvvvvvvvvvvvvs&s=1420070400000&e=1420070400000&
Nigeria,19.0%,29830,EIA,https://www.eia.gov/international/data/world/electricity/electricity-generation?pd=2&p=000000000000000000000000000009&u=0&f=A&v=mapbubble&a=-&i=none&vo=value&t=C&g=00000000000000000000000000000000000000000000000001&l=249-ruvvvvvfvtvnvv1vrvvvvfvvvvvvfvvvou20evvvvvvvvvvvvvvs&s=1420070400000&e=1420070400000&
Norway,98.5%,142381,EIA,https://www.eia.gov/international/data/world/electricity/electricity-generation?pd=2&p=000000000000000000000000000009&u=0&f=A&v=mapbubble&a=-&i=none&vo=value&t=C&g=00000000000000000000000000000000000000000000000001&l=249-ruvvvvvfvtvnvv1vrvvvvfvvvvvvfvvvou20evvvvvvvvvvvvvvs&s=1420070400000&e=1420070400000&
Pakistan,33.0%,104580,EIA,https://www.eia.gov/international/data/world/electricity/electricity-generation?pd=2&p=000000000000000000000000000009&u=0&f=A&v=mapbubble&a=-&i=none&vo=value&t=C&g=00000000000000000000000000000000000000000000000001&l=249-ruvvvvvfvtvnvv1vrvvvvfvvvvvvfvvvou20evvvvvvvvvvvvvvs&s=1420070400000&e=1420070400000&
Panama,66.5%,10024,EIA,https://www.eia.gov/international/data/world/electricity/electricity-generation?pd=2&p=000000000000000000000000000009&u=0&f=A&v=mapbubble&a=-&i=none&vo=value&t=C&g=00000000000000000000000000000000000000000000000001&l=249-ruvvvvvfvtvnvv1vrvvvvfvvvvvvfvvvou20evvvvvvvvvvvvvvs&s=1420070400000&e=1420070400000&
Papua New Guinea,23.8%,3620,EIA,https://www.eia.gov/international/data/world/electricity/electricity-generation?pd=2&p=000000000000000000000000000009&u=0&f=A&v=mapbubble&a=-&i=none&vo=value&t=C&g=00000000000000000000000000000000000000000000000001&l=249-ruvvvvvfvtvnvv1vrvvvvfvvvvvvfvvvou20evvvvvvvvvvvvvvs&s=1420070400000&e=1420070400000&
Paraguay,100.0%,55191,EIA,https://www.eia.gov/international/data/world/electricity/electricity-generation?pd=2&p=000000000000000000000000000009&u=0&f=A&v=mapbubble&a=-&i=none&vo=value&t=C&g=00000000000000000000000000000000000000000000000001&l=249-ruvvvvvfvtvnvv1vrvvvvfvvvvvvfvvvou20evvvvvvvvvvvvvvs&s=1420070400000&e=1420070400000&
Peru,54.0%,46646,EIA,https://www.eia.gov/international/data/world/electricity/electricity-generation?pd=2&p=000000000000000000000000000009&u=0&f=A&v=mapbubble&a=-&i=none&vo=value&t=C&g=00000000000000000000000000000000000000000000000001&l=249-ruvvvvvfvtvnvv1vrvvvvfvvvvvvfvvvou20evvvvvvvvvvvvvvs&s=1420070400000&e=1420070400000&
Philippines,26.5%,78638,EIA,https://www.eia.gov/international/data/world/electricity/electricity-generation?pd=2&p=000000000000000000000000000009&u=0&f=A&v=mapbubble&a=-&i=none&vo=value&t=C&g=00000000000000000000000000000000000000000000000001&l=249-ruvvvvvfvtvnvv1vrvvvvfvvvvvvfvvvou20evvvvvvvvvvvvvvs&s=1420070400000&e=1420070400000&
Poland,14.6%,155292,EIA,https://www.eia.gov/international/data/world/electricity/electricity-generation?pd=2&p=000000000000000000000000000009&u=0&f=A&v=mapbubble&a=-&i=none&vo=value&t=C&g=00000000000000000000000000000000000000000000000001&l=249-ruvvvvvfvtvnvv1vrvvvvfvvvvvvfvvvou20evvvvvvvvvvvvvvs&s=1420070400000&e=1420070400000&
Portugal,49.8%,49161,EIA,https://www.eia.gov/international/data/world/electricity/electricity-generation?pd=2&p=000000000000000000000000000009&u=0&f=A&v=mapbubble&a=-&i=none&vo=value&t=C&g=00000000000000000000000000000000000000000000000001&l=249-ruvvvvvfvtvnvv1vrvvvvfvvvvvvfvvvou20evvvvvvvvvvvvvvs&s=1420070400000&e=1420070400000&
Puerto Rico,2.2%,20321,EIA,https://www.eia.gov/international/data/world/electricity/electricity-generation?pd=2&p=000000000000000000000000000009&u=0&f=A&v=mapbubble&a=-&i=none&vo=value&t=C&g=00000000000000000000000000000000000000000000000001&l=249-ruvvvvvfvtvnvv1vrvvvvfvvvvvvfvvvou20evvvvvvvvvvvvvvs&s=1420070400000&e=1420070400000&
Reunion,19.7%,2616,EIA,https://www.eia.gov/international/data/world/electricity/electricity-generation?pd=2&p=000000000000000000000000000009&u=0&f=A&v=mapbubble&a=-&i=none&vo=value&t=C&g=00000000000000000000000000000000000000000000000001&l=249-ruvvvvvfvtvnvv1vrvvvvfvvvvvvfvvvou20evvvvvvvvvvvvvvs&s=1420070400000&e=1420070400000&
Romania,41.3%,63024,EIA,https://www.eia.gov/international/data/world/electricity/electricity-generation?pd=2&p=000000000000000000000000000009&u=0&f=A&v=mapbubble&a=-&i=none&vo=value&t=C&g=00000000000000000000000000000000000000000000000001&l=249-ruvvvvvfvtvnvv1vrvvvvfvvvvvvfvvvou20evvvvvvvvvvvvvvs&s=1420070400000&e=1420070400000&
Russia,16.9%,1008360,EIA,https://www.eia.gov/international/data/world/electricity/electricity-generation?pd=2&p=000000000000000000000000000009&u=0&f=A&v=mapbubble&a=-&i=none&vo=value&t=C&g=00000000000000000000000000000000000000000000000001&l=249-ruvvvvvfvtvnvv1vrvvvvfvvvvvvfvvvou20evvvvvvvvvvvvvvs&s=1420070400000&e=1420070400000&
Rwanda,50.0%,600,EIA,https://www.eia.gov/international/data/world/electricity/electricity-generation?pd=2&p=000000000000000000000000000009&u=0&f=A&v=mapbubble&a=-&i=none&vo=value&t=C&g=00000000000000000000000000000000000000000000000001&l=249-ruvvvvvfvtvnvv1vrvvvvfvvvvvvfvvvou20evvvvvvvvvvvvvvs&s=1420070400000&e=1420070400000&
Saint Kitts & Nevis,3.8%,208,EIA,https://www.eia.gov/international/data/world/electricity/electricity-generation?pd=2&p=000000000000000000000000000009&u=0&f=A&v=mapbubble&a=-&i=none&vo=value&t=C&g=00000000000000000000000000000000000000000000000001&l=249-ruvvvvvfvtvnvv1vrvvvvfvvvvvvfvvvou20evvvvvvvvvvvvvvs&s=1420070400000&e=1420070400000&
Saint Pierre & Miquelon,4.3%,47,EIA,https://www.eia.gov/international/data/world/electricity/electricity-generation?pd=2&p=000000000000000000000000000009&u=0&f=A&v=mapbubble&a=-&i=none&vo=value&t=C&g=00000000000000000000000000000000000000000000000001&l=249-ruvvvvvfvtvnvv1vrvvvvfvvvvvvfvvvou20evvvvvvvvvvvvvvs&s=1420070400000&e=1420070400000&
Saint Vincent & the Grenadines,16.1%,155,EIA,https://www.eia.gov/international/data/world/electricity/electricity-generation?pd=2&p=000000000000000000000000000009&u=0&f=A&v=mapbubble&a=-&i=none&vo=value&t=C&g=00000000000000000000000000000000000000000000000001&l=249-ruvvvvvfvtvnvv1vrvvvvfvvvvvvfvvvou20evvvvvvvvvvvvvvs&s=1420070400000&e=1420070400000&
Samoa,33.1%,127,EIA,https://www.eia.gov/international/data/world/electricity/electricity-generation?pd=2&p=000000000000000000000000000009&u=0&f=A&v=mapbubble&a=-&i=none&vo=value&t=C&g=00000000000000000000000000000000000000000000000001&l=249-ruvvvvvfvtvnvv1vrvvvvfvvvvvvfvvvou20evvvvvvvvvvvvvvs&s=1420070400000&e=1420070400000&
Sao Tome & Principe,9.1%,66,EIA,https://www.eia.gov/international/data/world/electricity/electricity-generation?pd=2&p=000000000000000000000000000009&u=0&f=A&v=mapbubble&a=-&i=none&vo=value&t=C&g=00000000000000000000000000000000000000000000000001&l=249-ruvvvvvfvtvnvv1vrvvvvfvvvvvvfvvvou20evvvvvvvvvvvvvvs&s=1420070400000&e=1420070400000&
Saudi Arabia,0.0%,318036,EIA,https://www.eia.gov/international/data/world/electricity/electricity-generation?pd=2&p=000000000000000000000000000009&u=0&f=A&v=mapbubble&a=-&i=none&vo=value&t=C&g=00000000000000000000000000000000000000000000000001&l=249-ruvvvvvfvtvnvv1vrvvvvfvvvvvvfvvvou20evvvvvvvvvvvvvvs&s=1420070400000&e=1420070400000&
Senegal,11.1%,3673,EIA,https://www.eia.gov/international/data/world/electricity/electricity-generation?pd=2&p=000000000000000000000000000009&u=0&f=A&v=mapbubble&a=-&i=none&vo=value&t=C&g=00000000000000000000000000000000000000000000000001&l=249-ruvvvvvfvtvnvv1vrvvvvfvvvvvvfvvvou20evvvvvvvvvvvvvvs&s=1420070400000&e=1420070400000&
Serbia,28.3%,35458,EIA,https://www.eia.gov/international/data/world/electricity/electricity-generation?pd=2&p=000000000000000000000000000009&u=0&f=A&v=mapbubble&a=-&i=none&vo=value&t=C&g=00000000000000000000000000000000000000000000000001&l=249-ruvvvvvfvtvnvv1vrvvvvfvvvvvvfvvvou20evvvvvvvvvvvvvvs&s=1420070400000&e=1420070400000&
Seychelles,2.0%,347,EIA,https://www.eia.gov/international/data/world/electricity/electricity-generation?pd=2&p=000000000000000000000000000009&u=0&f=A&v=mapbubble&a=-&i=none&vo=value&t=C&g=00000000000000000000000000000000000000000000000001&l=249-ruvvvvvfvtvnvv1vrvvvvfvvvvvvfvvvou20evvvvvvvvvvvvvvs&s=1420070400000&e=1420070400000&
Sierra Leone,62.9%,175,EIA,https://www.eia.gov/international/data/world/electricity/electricity-generation?pd=2&p=000000000000000000000000000009&u=0&f=A&v=mapbubble&a=-&i=none&vo=value&t=C&g=00000000000000000000000000000000000000000000000001&l=249-ruvvvvvfvtvnvv1vrvvvvfvvvvvvfvvvou20evvvvvvvvvvvvvvs&s=1420070400000&e=1420070400000&
Singapore,3.3%,47483,EIA,https://www.eia.gov/international/data/world/electricity/electricity-generation?pd=2&p=000000000000000000000000000009&u=0&f=A&v=mapbubble&a=-&i=none&vo=value&t=C&g=00000000000000000000000000000000000000000000000001&l=249-ruvvvvvfvtvnvv1vrvvvvfvvvvvvfvvvou20evvvvvvvvvvvvvvs&s=1420070400000&e=1420070400000&
Slovakia,23.7%,24848,EIA,https://www.eia.gov/international/data/world/electricity/electricity-generation?pd=2&p=000000000000000000000000000009&u=0&f=A&v=mapbubble&a=-&i=none&vo=value&t=C&g=00000000000000000000000000000000000000000000000001&l=249-ruvvvvvfvtvnvv1vrvvvvfvvvvvvfvvvou20evvvvvvvvvvvvvvs&s=1420070400000&e=1420070400000&
Slovenia,30.5%,14098,EIA,https://www.eia.gov/international/data/world/electricity/electricity-generation?pd=2&p=000000000000000000000000000009&u=0&f=A&v=mapbubble&a=-&i=none&vo=value&t=C&g=00000000000000000000000000000000000000000000000001&l=249-ruvvvvvfvtvnvv1vrvvvvfvvvvvvfvvvou20evvvvvvvvvvvvvvs&s=1420070400000&e=1420070400000&
Somalia,1.4%,345,EIA,https://www.eia.gov/international/data/world/electricity/electricity-generation?pd=2&p=000000000000000000000000000009&u=0&f=A&v=mapbubble&a=-&i=none&vo=value&t=C&g=00000000000000000000000000000000000000000000000001&l=249-ruvvvvvfvtvnvv1vrvvvvfvvvvvvfvvvou20evvvvvvvvvvvvvvs&s=1420070400000&e=1420070400000&
South Africa,2.4%,230590,EIA,https://www.eia.gov/international/data/world/electricity/electricity-generation?pd=2&p=000000000000000000000000000009&u=0&f=A&v=mapbubble&a=-&i=none&vo=value&t=C&g=00000000000000000000000000000000000000000000000001&l=249-ruvvvvvfvtvnvv1vrvvvvfvvvvvvfvvvou20evvvvvvvvvvvvvvs&s=1420070400000&e=1420070400000&
South Sudan,0.6%,310,EIA,https://www.eia.gov/international/data/world/electricity/electricity-generation?pd=2&p=000000000000000000000000000009&u=0&f=A&v=mapbubble&a=-&i=none&vo=value&t=C&g=00000000000000000000000000000000000000000000000001&l=249-ruvvvvvfvtvnvv1vrvvvvfvvvvvvfvvvou20evvvvvvvvvvvvvvs&s=1420070400000&e=1420070400000&
Spain,36.2%,264197,EIA,https://www.eia.gov/international/data/world/electricity/electricity-generation?pd=2&p=000000000000000000000000000009&u=0&f=A&v=mapbubble&a=-&i=none&vo=value&t=C&g=00000000000000000000000000000000000000000000000001&l=249-ruvvvvvfvtvnvv1vrvvvvfvvvvvvfvvvou20evvvvvvvvvvvvvvs&s=1420070400000&e=1420070400000&
Sri Lanka,49.8%,12711,EIA,https://www.eia.gov/international/data/world/electricity/electricity-generation?pd=2&p=000000000000000000000000000009&u=0&f=A&v=mapbubble&a=-&i=none&vo=value&t=C&g=00000000000000000000000000000000000000000000000001&l=249-ruvvvvvfvtvnvv1vrvvvvfvvvvvvfvvvou20evvvvvvvvvvvvvvs&s=1420070400000&e=1420070400000&
Sudan,65.7%,12685,EIA,https://www.eia.gov/international/data/world/electricity/electricity-generation?pd=2&p=000000000000000000000000000009&u=0&f=A&v=mapbubble&a=-&i=none&vo=value&t=C&g=00000000000000000000000000000000000000000000000001&l=249-ruvvvvvfvtvnvv1vrvvvvfvvvvvvfvvvou20evvvvvvvvvvvvvvs&s=1420070400000&e=1420070400000&
Suriname,61.3%,2190,EIA,https://www.eia.gov/international/data/world/electricity/electricity-generation?pd=2&p=000000000000000000000000000009&u=0&f=A&v=mapbubble&a=-&i=none&vo=value&t=C&g=00000000000000000000000000000000000000000000000001&l=249-ruvvvvvfvtvnvv1vrvvvvfvvvvvvfvvvou20evvvvvvvvvvvvvvs&s=1420070400000&e=1420070400000&
Swaziland,53.6%,431,EIA,https://www.eia.gov/international/data/world/electricity/electricity-generation?pd=2&p=000000000000000000000000000009&u=0&f=A&v=mapbubble&a=-&i=none&vo=value&t=C&g=00000000000000000000000000000000000000000000000001&l=249-ruvvvvvfvtvnvv1vrvvvvfvvvvvvfvvvou20evvvvvvvvvvvvvvs&s=1420070400000&e=1420070400000&
Sweden,64.7%,159289,EIA,https://www.eia.gov/international/data/world/electricity/electricity-generation?pd=2&p=000000000000000000000000000009&u=0&f=A&v=mapbubble&a=-&i=none&vo=value&t=C&g=00000000000000000000000000000000000000000000000001&l=249-ruvvvvvfvtvnvv1vrvvvvfvvvvvvfvvvou20evvvvvvvvvvvvvvs&s=1420070400000&e=1420070400000&
Switzerland,65.4%,64070,EIA,https://www.eia.gov/international/data/world/electricity/electricity-generation?pd=2&p=000000000000000000000000000009&u=0&f=A&v=mapbubble&a=-&i=none&vo=value&t=C&g=00000000000000000000000000000000000000000000000001&l=249-ruvvvvvfvtvnvv1vrvvvvfvvvvvvfvvvou20evvvvvvvvvvvvvvs&s=1420070400000&e=1420070400000&
Syria,2.4%,16829,EIA,https://www.eia.gov/international/data/world/electricity/electricity-generation?pd=2&p=000000000000000000000000000009&u=0&f=A&v=mapbubble&a=-&i=none&vo=value&t=C&g=00000000000000000000000000000000000000000000000001&l=249-ruvvvvvfvtvnvv1vrvvvvfvvvvvvfvvvou20evvvvvvvvvvvvvvs&s=1420070400000&e=1420070400000&
Taiwan,4.4%,240404,EIA,https://www.eia.gov/international/data/world/electricity/electricity-generation?pd=2&p=000000000000000000000000000009&u=0&f=A&v=mapbubble&a=-&i=none&vo=value&t=C&g=00000000000000000000000000000000000000000000000001&l=249-ruvvvvvfvtvnvv1vrvvvvfvvvvvvfvvvou20evvvvvvvvvvvvvvs&s=1420070400000&e=1420070400000&
Tajikistan,98.5%,16977,EIA,https://www.eia.gov/international/data/world/electricity/electricity-generation?pd=2&p=000000000000000000000000000009&u=0&f=A&v=mapbubble&a=-&i=none&vo=value&t=C&g=00000000000000000000000000000000000000000000000001&l=249-ruvvvvvfvtvnvv1vrvvvvfvvvvvvfvvvou20evvvvvvvvvvvvvvs&s=1420070400000&e=1420070400000&
Tanzania,35.3%,6025,EIA,https://www.eia.gov/international/data/world/electricity/electricity-generation?pd=2&p=000000000000000000000000000009&u=0&f=A&v=mapbubble&a=-&i=none&vo=value&t=C&g=00000000000000000000000000000000000000000000000001&l=249-ruvvvvvfvtvnvv1vrvvvvfvvvvvvfvvvou20evvvvvvvvvvvvvvs&s=1420070400000&e=1420070400000&
Thailand,9.0%,167961,EIA,https://www.eia.gov/international/data/world/electricity/electricity-generation?pd=2&p=000000000000000000000000000009&u=0&f=A&v=mapbubble&a=-&i=none&vo=value&t=C&g=00000000000000000000000000000000000000000000000001&l=249-ruvvvvvfvtvnvv1vrvvvvfvvvvvvfvvvou20evvvvvvvvvvvvvvs&s=1420070400000&e=1420070400000&
Togo,76.1%,79,EIA,https://www.eia.gov/international/data/world/electricity/electricity-generation?pd=2&p=000000000000000000000000000009&u=0&f=A&v=mapbubble&a=-&i=none&vo=value&t=C&g=00000000000000000000000000000000000000000000000001&l=249-ruvvvvvfvtvnvv1vrvvvvfvvvvvvfvvvou20evvvvvvvvvvvvvvs&s=1420070400000&e=1420070400000&
Tunisia,3.0%,18328,EIA,https://www.eia.gov/international/data/world/electricity/electricity-generation?pd=2&p=000000000000000000000000000009&u=0&f=A&v=mapbubble&a=-&i=none&vo=value&t=C&g=00000000000000000000000000000000000000000000000001&l=249-ruvvvvvfvtvnvv1vrvvvvfvvvvvvfvvvou20evvvvvvvvvvvvvvs&s=1420070400000&e=1420070400000&
Turkey,32.9%,248863,EIA,https://www.eia.gov/international/data/world/electricity/electricity-generation?pd=2&p=000000000000000000000000000009&u=0&f=A&v=mapbubble&a=-&i=none&vo=value&t=C&g=00000000000000000000000000000000000000000000000001&l=249-ruvvvvvfvtvnvv1vrvvvvfvvvvvvfvvvou20evvvvvvvvvvvvvvs&s=1420070400000&e=1420070400000&
Turkmenistan,0.0%,21185,EIA,https://www.eia.gov/international/data/world/electricity/electricity-generation?pd=2&p=000000000000000000000000000009&u=0&f=A&v=mapbubble&a=-&i=none&vo=value&t=C&g=00000000000000000000000000000000000000000000000001&l=249-ruvvvvvfvtvnvv1vrvvvvfvvvvvvfvvvou20evvvvvvvvvvvvvvs&s=1420070400000&e=1420070400000&
Uganda,80.8%,3235,EIA,https://www.eia.gov/international/data/world/electricity/electricity-generation?pd=2&p=000000000000000000000000000009&u=0&f=A&v=mapbubble&a=-&i=none&vo=value&t=C&g=00000000000000000000000000000000000000000000000001&l=249-ruvvvvvfvtvnvv1vrvvvvfvvvvvvfvvvou20evvvvvvvvvvvvvvs&s=1420070400000&e=1420070400000&
Ukraine,4.6%,152122,EIA,https://www.eia.gov/international/data/world/electricity/electricity-generation?pd=2&p=000000000000000000000000000009&u=0&f=A&v=mapbubble&a=-&i=none&vo=value&t=C&g=00000000000000000000000000000000000000000000000001&l=249-ruvvvvvfvtvnvv1vrvvvvfvvvvvvfvvvou20evvvvvvvvvvvvvvs&s=1420070400000&e=1420070400000&
United Arab Emirates,0.2%,119743,EIA,https://www.eia.gov/international/data/world/electricity/electricity-generation?pd=2&p=000000000000000000000000000009&u=0&f=A&v=mapbubble&a=-&i=none&vo=value&t=C&g=00000000000000000000000000000000000000000000000001&l=249-ruvvvvvfvtvnvv1vrvvvvfvvvvvvfvvvou20evvvvvvvvvvvvvvs&s=1420070400000&e=1420070400000&
United Kingdom,27.4%,318150,EIA,https://www.eia.gov/international/data/world/electricity/electricity-generation?pd=2&p=000000000000000000000000000009&u=0&f=A&v=mapbubble&a=-&i=none&vo=value&t=C&g=00000000000000000000000000000000000000000000000001&l=249-ruvvvvvfvtvnvv1vrvvvvfvvvvvvfvvvou20evvvvvvvvvvvvvvs&s=1420070400000&e=1420070400000&
United States,14.0%,4097027,EIA,https://www.eia.gov/international/data/world/electricity/electricity-generation?pd=2&p=000000000000000000000000000009&u=0&f=A&v=mapbubble&a=-&i=none&vo=value&t=C&g=00000000000000000000000000000000000000000000000001&l=249-ruvvvvvfvtvnvv1vrvvvvfvvvvvvfvvvou20evvvvvvvvvvvvvvs&s=1420070400000&e=1420070400000&
Uruguay,89.1%,13564,EIA,https://www.eia.gov/international/data/world/electricity/electricity-generation?pd=2&p=000000000000000000000000000009&u=0&f=A&v=mapbubble&a=-&i=none&vo=value&t=C&g=00000000000000000000000000000000000000000000000001&l=249-ruvvvvvfvtvnvv1vrvvvvfvvvvvvfvvvou20evvvvvvvvvvvvvvs&s=1420070400000&e=1420070400000&
Uzbekistan,21.5%,54423,EIA,https://www.eia.gov/international/data/world/electricity/electricity-generation?pd=2&p=000000000000000000000000000009&u=0&f=A&v=mapbubble&a=-&i=none&vo=value&t=C&g=00000000000000000000000000000000000000000000000001&l=249-ruvvvvvfvtvnvv1vrvvvvfvvvvvvfvvvou20evvvvvvvvvvvvvvs&s=1420070400000&e=1420070400000&
Vanuatu,9.1%,55,EIA,https://www.eia.gov/international/data/world/electricity/electricity-generation?pd=2&p=000000000000000000000000000009&u=0&f=A&v=mapbubble&a=-&i=none&vo=value&t=C&g=00000000000000000000000000000000000000000000000001&l=249-ruvvvvvfvtvnvv1vrvvvvfvvvvvvfvvvou20evvvvvvvvvvvvvvs&s=1420070400000&e=1420070400000&
Venezuela,64.9%,114370,EIA,https://www.eia.gov/international/data/world/electricity/electricity-generation?pd=2&p=000000000000000000000000000009&u=0&f=A&v=mapbubble&a=-&i=none&vo=value&t=C&g=00000000000000000000000000000000000000000000000001&l=249-ruvvvvvfvtvnvv1vrvvvvfvvvvvvfvvvou20evvvvvvvvvvvvvvs&s=1420070400000&e=1420070400000&
Vietnam,37.9%,146902,EIA,https://www.eia.gov/international/data/world/electricity/electricity-generation?pd=2&p=000000000000000000000000000009&u=0&f=A&v=mapbubble&a=-&i=none&vo=value&t=C&g=00000000000000000000000000000000000000000000000001&l=249-ruvvvvvfvtvnvv1vrvvvvfvvvvvvfvvvou20evvvvvvvvvvvvvvs&s=1420070400000&e=1420070400000&
"Virgin Islands, British",0.8%,126,EIA,https://www.eia.gov/international/data/world/electricity/electricity-generation?pd=2&p=000000000000000000000000000009&u=0&f=A&v=mapbubble&a=-&i=none&vo=value&t=C&g=00000000000000000000000000000000000000000000000001&l=249-ruvvvvvfvtvnvv1vrvvvvfvvvvvvfvvvou20evvvvvvvvvvvvvvs&s=1420070400000&e=1420070400000&
Zambia,97.1%,13285,EIA,https://www.eia.gov/international/data/world/electricity/electricity-generation?pd=2&p=000000000000000000000000000009&u=0&f=A&v=mapbubble&a=-&i=none&vo=value&t=C&g=00000000000000000000000000000000000000000000000001&l=249-ruvvvvvfvtvnvv1vrvvvvfvvvvvvfvvvou20evvvvvvvvvvvvvvs&s=1420070400000&e=1420070400000&
Zimbabwe,54.0%,9384,EIA,https://www.eia.gov/international/data/world/electricity/electricity-generation?pd=2&p=000000000000000000000000000009&u=0&f=A&v=mapbubble&a=-&i=none&vo=value&t=C&g=00000000000000000000000000000000000000000000000001&l=249-ruvvvvvfvtvnvv1vrvvvvfvvvvvvfvvvou20evvvvvvvvvvvvvvs&s=1420070400000&e=1420070400000&
